source,title,url,published,description
gulflive,Judge releases note that cellmate says he found after Jeffrey Epstein’s suspected suicide try,https://www.gulflive.com/news/2026/05/judge-releases-note-that-cellmate-says-he-found-after-jeffrey-epsteins-suspected-suicide-try.html,"Wed, 06 May 2026 23:53:07 +0000","A judge released the note Wednesday after The New York Times petitioned last week to unseal it and other documents in a case involving the cellmate, Nicholas Tartaglione."
gulflive,‘Someone’s Hunting Us’ shortlisted for international podcast awards,https://www.gulflive.com/news/2026/05/someones-hunting-us-shortlisted-for-international-podcast-awards.html,"Wed, 06 May 2026 17:52:32 +0000",The podcast series about a little-known serial killer and the women who helped take him down is up for three awards.
gulflive,"N.J. family loses business, car after ICE roadblock",https://www.gulflive.com/palabra/2026/05/nj-family-loses-business-car-after-ice-roadblock.html,"Wed, 06 May 2026 11:00:00 +0000","Jairo Acosta chose voluntary deportation after being detained, leaving his wife to scramble for money to return to Colombia."
gulflive,Mega Millions numbers: Are you the lucky winner of Tuesday’s $195 million jackpot?,https://www.gulflive.com/lottery/2026/05/mega-millions-numbers-are-you-the-lucky-winner-of-tuesdays-195-million-jackpot.html,"Wed, 06 May 2026 03:08:49 +0000",Check your numbers to see if you hit it big in Tuesday's jackpot.
mlive,Boil water order Oakland County: Timeline for lifting restrictions,https://www.mlive.com/news/detroit/2026/05/boil-water-order-oakland-county-timeline-for-lifting-restrictions.html,"Tue, 12 May 2026 19:17:04 +0000",Great Lakes Water Authority crews have successfully replaced the 42-inch water main section that broke early Sunday. Boil-water orders remain in effect until further notice.
pennlive,"Criminal charges filed in deadly Baltimore bridge crash, collapse",https://www.pennlive.com/nation-world/2026/05/criminal-charges-filed-in-deadly-baltimore-bridge-crash-collapse.html,"Tue, 12 May 2026 19:16:53 +0000",The Singapore-based ship operator and a senior employee are accused of making decisions that caused the crash and covering up what happened.
lehighvalley,"Criminal charges filed in deadly Baltimore bridge crash, collapse",https://www.lehighvalleylive.com/news/2026/05/criminal-charges-filed-in-deadly-baltimore-bridge-crash-collapse.html,"Tue, 12 May 2026 19:16:53 +0000",The Singapore-based ship operator and a senior employee are accused of making decisions that caused the crash and covering up what happened.
njcom,"Homes at or under $350,000 in Essex County in the week of April 27",https://www.nj.com/realestate-news/2026/05/homes-at-or-under-350000-in-essex-county-in-the-week-of-april-27.html,"Tue, 12 May 2026 19:16:38 +0000","For prospective homebuyers eyeing the real estate market in the area of Essex County, here's what sold for $350,000 or under during the week of April 27 to May 3."
njcom,White House blasts ‘absolute moron’ over Trump sleeping speculation,https://www.nj.com/politics/2026/05/white-house-blasts-absolute-moron-over-trump-sleeping-speculation.html,"Tue, 12 May 2026 19:15:00 +0000",The president has faced repeated scrutiny during several of his events.
pennlive,Three Christian music groups join forces for concert in Hershey,https://www.pennlive.com/entertainment/2026/05/three-christian-music-groups-join-forces-for-concert-in-hershey.html,"Tue, 12 May 2026 19:13:25 +0000","Between them, the artists have a combined 55 number 1 singles and several Grammy Awards for contemporary Christian music."
masslive,Heated Rivalry Night sets Red Sox promo ticket record,https://www.masslive.com/redsox/2026/05/heated-rivalry-night-sets-red-sox-promo-ticket-record.html,"Tue, 12 May 2026 19:10:49 +0000","The Red Sox promo nights are popular among the fans, but one stood out among the rest."
njcom,Super Essex Conference softball season stat leaders for May 12,https://www.nj.com/highschoolsports/2026/05/super-essex-conference-softball-season-stat-leaders-for-may-12.html,"Tue, 12 May 2026 19:10:33 +0000",Check out the top softball stat leaders across the SEC so far.
silive,"YouTube influencer, 23, found dead after weeks-long search",https://www.silive.com/nation/2026/05/youtube-influencer-23-found-dead-after-weeks-long-search.html,"Tue, 12 May 2026 19:10:00 +0000","YouTuber Nikodem Czyżewski, known as Lil Narcyz, was found dead in Croatia after weeks of searching."
njcom,"Boys Volleyball: Daily stat leaders for Monday, May 11",https://www.nj.com/highschoolsports/2026/05/boys-volleyball-daily-stat-leaders-for-monday-may-11.html,"Tue, 12 May 2026 19:09:04 +0000","Boys Volleyball: Daily stat leaders for Monday, May 11."
mlive,America 250 Garden: How to grow your own patriotic plot,https://www.mlive.com/weather/2026/05/america-250-garden-how-to-grow-your-own-patriotic-plot.html,"Tue, 12 May 2026 19:08:39 +0000","As our country celebrates our 250th birthday, we can have some fun making a classic American garden."
alcom,Army seeks nutrient-dense protein alternatives,https://www.al.com/news/2026/05/army-seeks-nutrient-dense-protein-alternatives-but-not-bugs-cultured-cells-or-lab-grown-meat.html,"Tue, 12 May 2026 19:08:10 +0000",The Army is seeking responses by Friday.
alcom,Pilots eject from military plane that crashed in west Alabama,https://www.al.com/news/2026/05/pilots-eject-from-military-plane-that-crashed-in-west-alabama.html,"Tue, 12 May 2026 19:07:28 +0000","A T-38 Talon II aircraft from Columbus, Mississippi was involved in the “mishap.”"
clevelanddotcom,"Ohio’s Rep. Turner backs Trump on Iran, rejects NATO damage claims",https://www.cleveland.com/news/2026/05/ohios-rep-turner-backs-trump-on-iran-rejects-nato-damage-claims.html,"Tue, 12 May 2026 19:07:13 +0000","Two House Armed Services Committee members, Republican Mike Turner and Democrat Adam Smith, offered sharply different views on the impact of Trump's rhetoric toward Greenland and other allies."
alcom,"Texas sues Netflix over data collection from users, children",https://www.al.com/news/2026/05/netflix-allegedly-tracks-everything-you-watch-and-sells-it-to-advertisers-according-to-new-lawsuit.html,"Tue, 12 May 2026 19:06:39 +0000","The legal action claims the streaming giant logs your viewing preferences, application usage, and device information from both adult accounts and kids' profiles, then shares it with commercial data brokers."
silive,15 new Barbiecore pieces to snag from Alo Yoga’s latest summer color drop,https://www.silive.com/shopping-deals/2026/05/15-new-barbiecore-pieces-to-snag-from-alo-yogas-latest-summer-color-drop.html,"Tue, 12 May 2026 19:05:00 +0000",The summer activewear drop includes everything from $34 colorblock socks to a $398 cashmere zip-up hoodie you'll want to wear with everything
newyorkupstate,How to watch the Yankees game today: MLB free live stream,https://www.newyorkupstate.com/sports/2026/05/how-to-watch-the-yankees-game-today-mlb-free-live-stream.html,"Tue, 12 May 2026 19:05:00 +0000","The Orioles are up 1-0 in the series already, after getting swept by the Yankees earlier in the month."
syracuse,How to watch the Yankees game today: MLB free live stream,https://www.syracuse.com/tv/2026/05/how-to-watch-the-yankees-game-today-mlb-free-live-stream.html,"Tue, 12 May 2026 19:05:00 +0000","The Orioles are up 1-0 in the series already, after getting swept by the Yankees earlier in the month."
njcom,15 new Barbiecore pieces to snag from Alo Yoga’s latest summer color drop,https://www.nj.com/shopping-deals/2026/05/15-new-barbiecore-pieces-to-snag-from-alo-yogas-latest-summer-color-drop.html,"Tue, 12 May 2026 19:05:00 +0000",The summer activewear drop includes everything from $34 colorblock socks to a $398 cashmere zip-up hoodie you'll want to wear with everything
masslive,Pothole performance at Worcester Council meeting goes viral on TikTok,https://www.masslive.com/centralmass/2026/05/pothole-performance-at-worcester-council-meeting-goes-viral-on-tiktok.html,"Tue, 12 May 2026 19:04:50 +0000",A Worcester man staged a motorcycle-themed performance at a city council meeting to express frustration about potholes in the city.
njcom,Christopher Nolan reveals why he cast rap star Travis Scott in ‘The Odyssey’,https://www.nj.com/entertainment/2026/05/christopher-nolan-reveals-why-he-cast-rap-star-travis-scott-in-the-odyssey.html,"Tue, 12 May 2026 19:04:13 +0000","This summer, moviegoers will see rapper Travis Scott make his onscreen acting debut in Christoper Nolan's latest action epic ""The Odyssey."""
pennlive,Pa. residents arrested in connection with major drug trafficking ring: AG,https://www.pennlive.com/crime/2026/05/pa-residents-arrested-in-connection-with-major-drug-trafficking-ring-ag.html,"Tue, 12 May 2026 19:03:47 +0000","The ring brought cocaine, methamphetamine and fentanyl into the Lehigh Valley, the attorney general said"
silive,"Lane closure on S.I. Korean War Veterans Parkway sparks traffic nightmare, with worst yet to come",https://www.silive.com/transportation/2026/05/lane-closure-on-si-korean-war-veterans-parkway-sparks-traffic-nightmare-with-worst-yet-to-come.html,"Tue, 12 May 2026 19:03:09 +0000","""It doesn’t make sense; something has to be done. They cannot do this to us."""
njcom,"55 posts, 3 hours: A timeline of Trump’s Obama-fueled Truth Social rampage",https://www.nj.com/politics/2026/05/55-posts-3-hours-a-timeline-of-trumps-obama-fueled-truth-social-rampage.html,"Tue, 12 May 2026 19:03:02 +0000","The president fired off 55 Truth Social posts between 10:15 p.m. and 1:12 a.m., ampliyying one post calling Obama ""the most DEMONIC FORCE"" in American politics and demanding multiple arrests without evidence."
alcom,A new grocery store is heading to a fast growing area of North Alabama,https://www.al.com/news/2026/05/new-grocery-store-opening-in-north-alabama.html,"Tue, 12 May 2026 19:01:54 +0000",The grocery chain is continuing to expand in the region
pennlive,"PennDOT will widen part of Interstate 78 to 6 lanes, plans show",https://www.pennlive.com/news/2026/05/penndot-will-widen-part-of-interstate-78-to-6-lanes-plans-show.html,"Tue, 12 May 2026 19:01:44 +0000","Construction is still years off, but includes a realignment of the highway's interchange with Route 100, a huge warehouse corridor."
mlive,New Ann Arbor dispensary opens next to downtown shrooms cafe,https://www.mlive.com/news/ann-arbor/2026/05/new-ann-arbor-dispensary-opens-next-to-downtown-shrooms-cafe.html,"Tue, 12 May 2026 19:01:44 +0000","Blue Sky Cannabis Co. held its soft opening Wednesday, May 6."
syracuse,"Schools are about to get several more years to switch to electric buses, CNY senator says",https://www.syracuse.com/schools/2026/05/schools-are-about-to-get-several-more-years-to-switch-to-electric-buses-cny-senator-says.html,"Tue, 12 May 2026 19:01:32 +0000","The change is part of the state's budget, according to Sen. Chris Ryan, D-Geddes."
clevelanddotcom,"Cleveland Heights plans to expand composting, add public EV charging stations",https://www.cleveland.com/community/2026/05/cleveland-heights-plans-to-expand-composting-add-public-ev-charging-stations.html,"Tue, 12 May 2026 19:01:14 +0000","There is currently one public electric vehicle charger in the entire city, and a constant line-up at City Hall for the municipal fleet."
masslive,Springfield seeking volunteers to flag veterans’ graves,https://www.masslive.com/westernmass/2026/05/springfield-seeking-volunteers-to-flag-veterans-graves.html,"Tue, 12 May 2026 19:00:48 +0000",Those interested in volunteering can contact Veterans’ Services at 413-787-6141.
njcom,Carhartt’s new waist pack is replacing lululemon’s belt bag — and I understand why,https://www.nj.com/shopping-deals/2026/05/carhartts-new-waist-pack-is-replacing-lululemons-belt-bag-and-i-understand-why.html,"Tue, 12 May 2026 19:00:00 +0000","Carhartt has a new waist pack that'll replace your lululemon belt bag this summer. This ""it"" bag comes in several playful colors, tough and ready to have some fun."
silive,Carhartt’s new waist pack is replacing lululemon’s belt bag — and I understand why,https://www.silive.com/shopping-deals/2026/05/carhartts-new-waist-pack-is-replacing-lululemons-belt-bag-and-i-understand-why.html,"Tue, 12 May 2026 19:00:00 +0000","Carhartt has a new waist pack that'll replace your lululemon belt bag this summer. This ""it"" bag comes in several playful colors, tough and ready to have some fun."
clevelanddotcom,Miss Manners: How late is too late for a meeting or social event?,https://www.cleveland.com/advice/2026/05/miss-manners-how-late-is-too-late-for-a-meeting-or-social-event.html,"Tue, 12 May 2026 19:00:00 +0000","In today's Miss Manners column, advice columnist Judith Martin responds to what counts as late for meetings and events."
clevelanddotcom,Shoppers are rushing to grab HP 17-inch laptop $200 off before Best Buy deal disappears,https://www.cleveland.com/shopping/2026/05/shoppers-are-rushing-to-grab-hp-17-inch-laptop-200-off-before-best-buy-deal-disappears.html,"Tue, 12 May 2026 18:57:44 +0000","Trending HP laptop deal at Best Buy proves you don't need to spend $1,000 for a massive screen and powerful performance."
pennlive,NBA player tragically dies at 29,https://www.pennlive.com/sports/2026/05/nba-player-tragically-dies-at-29.html,"Tue, 12 May 2026 18:55:59 +0000",Memphis Grizzlies forward and former NBA All-Rookie Team selection Brandon Clarke has died.
clevelanddotcom,Judges skeptical of Ohio school choice arguments in vouchers lawsuit,https://www.cleveland.com/open/2026/05/judges-skeptical-of-ohio-school-choice-arguments-in-vouchers-lawsuit.html,"Tue, 12 May 2026 18:53:50 +0000",Two appellate judges in Franklin County questioned whether the Ohio's education vouchers provide genuine choice since private schools make admission decisions.
clevelanddotcom,Yost resignation raises questions about Jones and Dowling retrial in HB 6 corruption case: Letter to the Editor,https://www.cleveland.com/letters/2026/05/yost-resignation-raises-questions-about-jones-and-dowling-retrial-in-hb-6-corruption-case.html,"Tue, 12 May 2026 18:53:14 +0000","Is Dave Yost’s departure as Ohio attorney general the first step in former FirstEnergy executives Chuck Jones and Michael Dowling getting a “walk” on a retrial in HB 6-related case? That would be a huge miscarriage of justice, writes Michael J. Reidy, Esq., of Middleburg Heights in a letter to the editor."
njcom,Skyland Conference softball season stat leaders for May 12,https://www.nj.com/highschoolsports/2026/05/skyland-conference-softball-season-stat-leaders-for-may-12.html,"Tue, 12 May 2026 18:53:12 +0000",Check out the top softball stat leaders across the Skyland Conference so far.
silive,"Staten Island man, 86, charged in wife’s stabbing death refuses to leave bed; experts float diagnosis",https://www.silive.com/crime-safety/2026/05/staten-island-man-86-charged-in-wifes-stabbing-death-refuses-to-leave-bed-experts-float-diagnosis.html,"Tue, 12 May 2026 18:52:35 +0000",Pitarbhai Khristi has seldom appeared in court since his December 2024 arrest due to an ongoing medical condition.
oregonlive,"Disease devastates Wyoming, Yellowstone wolf numbers",https://www.oregonlive.com/environment/2026/05/disease-devastates-wyoming-yellowstone-wolf-numbers.html,"Tue, 12 May 2026 18:52:27 +0000",They're at the lowest level since the reintroduction era.
mlive,Fatal crash near Ypsilanti possibly caused by medical incident,https://www.mlive.com/news/ann-arbor/2026/05/fatal-crash-near-ypsilanti-possibly-caused-by-medical-incident.html,"Tue, 12 May 2026 18:51:15 +0000",The man was the only person involved in the crash.
masslive,Springfield community solar project getting billing help from Eversource,https://www.masslive.com/westernmass/2026/05/springfield-community-solar-project-getting-billing-help-from-eversource.html,"Tue, 12 May 2026 18:50:06 +0000",The state’s Department of Public Utilities is currently investigating using net crediting for community solar on a wide scale.
mlive,Our 18 favorite photos from Flushing’s ‘Enchanted Garden’ theme prom,https://www.mlive.com/prom/2026/05/our-18-favorite-photos-from-flushings-enchanted-garden-theme-prom.html,"Tue, 12 May 2026 18:50:00 +0000","With the theme ‘Enchanted Garden,’ about 500 Flushing High School students and guest gathered to dance the night away at the Genesys Banquet and Conference Center in Grand Blanc Township."
masslive,Where to watch Sabres vs. Canadiens free live stream today: Game 4,https://www.masslive.com/tv/2026/05/where-to-watch-sabres-vs-canadiens-free-live-stream-today-game-4.html,"Tue, 12 May 2026 18:49:11 +0000","The Buffalo Sabres try to even their Stanley Cup Playoffs series with the Montreal Canadiens in Game 4 on Tuesday, May 12."
njcom,"Parents, educators upset over N.J. town’s handling of school disruption during massive fire",https://www.nj.com/essex/2026/05/parents-educators-upset-over-nj-towns-handling-of-school-disruption-during-massive-fire.html,"Tue, 12 May 2026 18:48:58 +0000",Parents and teachers are calling for a centralized emergency communication system.
silive,MLB Polymarket promo code “SILIVE” update: New $20 referral promo,https://www.silive.com/betting/2026/05/mlb-polymarket-promo-code-silive-update-new-20-referral-promo.html,"Tue, 12 May 2026 18:48:02 +0000","Double your starting balance for this Post-Mother's Day weekend using Polymarket promo code SILIVE. Get $20 in bonus funds to trade the NBA and NHL Playoffs, MLB, and more."
mlive,Revolutionary War soldier honored at cemetery south of Ann Arbor,https://www.mlive.com/news/ann-arbor/2026/05/revolutionary-war-soldier-honored-at-cemetery-south-of-ann-arbor.html,"Tue, 12 May 2026 18:47:37 +0000",Timothy Crittenden was honored with a plaque at an historic cemetery in Saline Township.
mlive,Flushing Township road to close Wednesday for culvert replacement,https://www.mlive.com/news/flint/2026/05/flushing-township-road-to-close-wednesday-for-culvert-replacement.html,"Tue, 12 May 2026 18:47:25 +0000",The Genesee County Road Commission will replace a cross culvert between Coldwater Rd. and Stanley Rd. from 7:30 a.m. to 3:30 p.m. Wednesday.
lehighvalley,Pike County residential properties sales: Sold from April 27 to May 3,https://www.lehighvalleylive.com/realestate-news/2026/05/pike-county-residential-properties-sales-sold-from-april-27-to-may-3.html,"Tue, 12 May 2026 18:46:38 +0000","The following is a listing of all residential property transfers in Pike County reported during the week of April 27. There were 41 transactions posted during this time. During this period, the median sale for the area was a 3,000-square-foot property on Vista Way in Hawley that sold for $308,000."
njcom,Hersheypark could be forced to close this summer. Here’s why,https://www.nj.com/business/2026/05/hersheypark-could-be-forced-to-close-this-summer-heres-why.html,"Tue, 12 May 2026 18:45:57 +0000",Hersheypark in Pennsylvania could be forced to close this summer. Here's why
syracuse,"Woman, 28, arrested for posing as teen at a New York high school",https://www.syracuse.com/news/2026/05/woman-28-arrested-for-posing-as-teen-at-a-new-york-high-school.html,"Tue, 12 May 2026 18:45:51 +0000","Kacy Claassen created an elaborate fake identity, complete with a backstory about moving from Ohio."
mlive,Saginaw-Shiawassee Habitat for Humanity seeks volunteer house leaders,https://www.mlive.com/news/saginaw-bay-city/2026/05/saginaw-shiawassee-habitat-for-humanity-seeks-volunteer-house-leaders.html,"Tue, 12 May 2026 18:45:00 +0000",The organization is seeking volunteer house leaders for upcoming Neighborhood Revitalization paint projects scheduled for June 9-13 and June 16-19.
syracuse,Polymarket Promo Code CUSE upgrades $20 bonus from Mother’s Day,https://www.syracuse.com/betting/2026/05/polymarket-promo-code-cuse-upgrades-20-bonus-from-mothers-day.html,"Tue, 12 May 2026 18:45:00 +0000","Polymarket has extended its promo code CUSE, offering new US users a $20 bonus on a $20 deposit for live trading on major events in NBA, NHL and MLB."
clevelanddotcom,Former ‘How I Met Your Mother’ actor convicted of attempted murder,https://www.cleveland.com/news/2026/05/former-how-i-met-your-mother-actor-convicted-of-attempted-murder.html,"Tue, 12 May 2026 18:44:05 +0000","Former ""How I Met Your Mother"" actor Nick Pasqual has been convicted of attempted murder after prosecutors said he stabbed ex-girlfriend and Hollywood makeup artist Allie Shehorn more than 20 times in a 2024 domestic violence attack."
alcom,2026 North Carolina high school track and field state meet: NCHSAA state championship schedule and where to watch,https://www.al.com/tv/2026/05/2026-north-carolina-high-school-track-and-field-state-meet-nchsaa-state-championship-schedule-and-where-to-watch.html,"Tue, 12 May 2026 18:43:44 +0000",The 2026 NCHSAA track and field state championships take place May 13-16 at NC A&amp;T in Greensboro.
njcom,Northwest Jersey Athletic Conference softball season stat leaders for May 12,https://www.nj.com/highschoolsports/2026/05/northwest-jersey-athletic-conference-softball-season-stat-leaders-for-may-12.html,"Tue, 12 May 2026 18:43:43 +0000",Check out the softball stat leaders across the NJAC so far.
oregonlive,Trump’s proposed ‘Golden Dome’ estimated to cost $1.2 trillion,https://www.oregonlive.com/nation/2026/05/trumps-proposed-golden-dome-estimated-to-cost-12-trillion.html,"Tue, 12 May 2026 18:43:42 +0000",The initial price tag for the missile defense system was $175 billion.
masslive,"‘70s soap opera star, Emmy-nominated actress dies at 82",https://www.masslive.com/news/2026/05/70s-soap-opera-star-emmy-nominated-actress-dies-at-82.html,"Tue, 12 May 2026 18:43:24 +0000","She was best known for starring in the shows ""One Life to Live"" and ""How to Survive a Marriage."""
masslive,‘The Punisher: One Last Kill’ special premieres tonight - Here’s how to stream it,https://www.masslive.com/tv/2026/05/the-punisher-one-last-kill-special-premieres-tonight-heres-how-to-stream-it.html,"Tue, 12 May 2026 18:42:38 +0000","As Frank Castle searches for meaning beyond revenge, an unexpected force pulls him back into the fight in the new special ""The Punisher: One Last Kill"" premiering on Tuesday, May 12."
mlive,Kalamazoo's Dedrick Martin wins regional superintendent award,https://www.mlive.com/news/kalamazoo/2026/05/kalamazoos-dedrick-martin-wins-regional-superintendent-award.html,"Tue, 12 May 2026 18:40:25 +0000",Dedrick Martin was honored as Region VII Superintendent of the Year for his leadership and achievements at KRESA.
silive,Top S.I. high school wrestlers named to All-Island teams; Farrell senior named Wrestler of the Year,https://www.silive.com/highschoolsports/2026/05/these-top-staten-island-high-school-wrestlers-named-to-all-island-teams-farrell-senior-named-wrestler-of-the-year.html,"Tue, 12 May 2026 18:39:50 +0000",It was a banner season for several Staten Island high school wrestling programs.
masslive,Walmart is having a big sale on grills & they arrive in time for Memorial Day weekend,https://www.masslive.com/shopping-deals/2026/05/walmart-is-having-a-big-sale-on-grills-they-arrive-in-time-for-memorial-day-weekend.html,"Tue, 12 May 2026 18:39:46 +0000",Walmart is offering up to 65% off grills and smokers from top brands with free shipping before Memorial Day.
masslive,Jayson Tatum hits notable milestone with Achilles injury,https://www.masslive.com/celtics/2026/05/jayson-tatum-hits-notable-milestone-with-achilles-injury.html,"Tue, 12 May 2026 18:39:45 +0000","It's been exactly a year since Jayson Tatum's Achilles injury, which he made sure to make note of on social media."
mlive,Vote for the Grand Rapids-area spring sports Athlete of the Week for May 4-9,https://www.mlive.com/highschoolsports/2026/05/vote-for-the-grand-rapids-area-spring-sports-athlete-of-the-week-for-may-4-9.html,"Tue, 12 May 2026 18:38:53 +0000",See some of the top high school sports performers from around Grand Rapids and vote for the one that stood out most.
clevelanddotcom,Brunswick chief building official gives update on commercial projects in the city,https://www.cleveland.com/community/2026/05/brunswick-chief-building-official-gives-update-on-commercial-projects-in-the-city.html,"Tue, 12 May 2026 18:38:53 +0000","Commercial development in Brunswick is booming, according to Chief Building Official James Lenahan in a report last month to the City Council building and building code committee."
clevelanddotcom,Grizzlies forward Brandon Clarke dies at 29,https://www.cleveland.com/sports/2026/05/grizzlies-forward-brandon-clarke-dies-at-29.html,"Tue, 12 May 2026 18:37:09 +0000","Memphis Grizzlies forward Brandon Clarke, 29, has died; no cause was given. He played seven NBA seasons and was remembered for his character."
njcom,Online casino Michigan guide: Best MI real money casinos with bonus codes ready for play in May 2026,https://www.nj.com/online-casinos/michigan/,"Tue, 12 May 2026 18:36:43 +0000","Expert rankings cover bonuses, game libraries, app quality and payout speed for MI players."
silive,"Jamie Foxx to become a dad again, 3 years after life-threatening health incident",https://www.silive.com/entertainment/2026/05/jamie-foxx-to-become-a-dad-again-3-years-after-life-threatening-health-incident.html,"Tue, 12 May 2026 18:35:00 +0000",The 58-year-old actor has two other daughters from previous relationships.
alcom,"Spurs-Timberwolves game 5 free livestream: How to watch NBA Playoffs today, TV, schedule",https://www.al.com/tv/2026/05/spurs-timberwolves-game-5-free-livestream-how-to-watch-nba-playoffs-today-tv-schedule.html,"Tue, 12 May 2026 18:34:44 +0000",The San Antonio Spurs play against the Minnesota Timberwolves in game 5 of their NBA Playoff series today. Fans can watch this game for free online.
alcom,Memphis Grizzlies forward Brandon Clarke dead at 29,https://www.al.com/sports/2026/05/memphis-grizzlies-forward-former-gonzaga-star-passes-away-at-29.html,"Tue, 12 May 2026 18:34:29 +0000","Brandon Clarke, Memphis Grizzlies forward and former Gonzaga star, has died at 29. Authorities are currently investigating the cause of death."
njcom,Shore Conference softball season stat leaders for May 12,https://www.nj.com/highschoolsports/2026/05/shore-conference-softball-season-stat-leaders-for-may-12.html,"Tue, 12 May 2026 18:34:16 +0000",Check out the top softball performers in the Shore Conference this season.
mlive,"Muskegon’s biggest boat show returns with 20 dealers, 60 brands and summer kick-off fun",https://www.mlive.com/news/muskegon/2026/05/muskegons-biggest-boat-show-returns-with-20-dealers-60-brands-and-summer-kick-off-fun.html,"Tue, 12 May 2026 18:34:02 +0000","Browse boats in the water and on land, enjoy food trucks and Muskegon Brewing Company, and connect with fellow boating enthusiasts at Adelaide Pointe Marina May 15-17."
mlive,This massive dragon exhibition features life-size animatronics and a VR flight experience,https://www.mlive.com/news/flint/2026/05/this-massive-dragon-exhibition-features-life-size-animatronics-and-a-vr-flight-experience.html,"Tue, 12 May 2026 18:33:21 +0000","The Lost World of Dragons spans 6,000 square feet and explores dragon mythology from cultures around the globe, with special discounted tickets for local residents."
njcom,North Jersey Interscholastic Conference softball season stat leaders for May 12,https://www.nj.com/highschoolsports/2026/05/north-jersey-interscholastic-conference-softball-season-stat-leaders-for-may-3.html,"Tue, 12 May 2026 18:33:02 +0000",Check out the top softball stat leaders across the NJIC so far.
mlive,Marine Corps commissions 3 Hillsdale College class of 2026 grads,https://www.mlive.com/news/jackson/2026/05/marine-corps-commissions-3-hillsdale-college-class-of-2026-grads.html,"Tue, 12 May 2026 18:32:13 +0000","Thomas Smith, Jihye Kim, and Cameron Frye, all members of the class of 2026, were commissioned at the college’s Civil War Soldiers’ Monument after completing the Marine Corps Platoon Leaders Class program during their undergraduate studies."
alcom,Trump’s approval hits all-time low as Americans blame him for their biggest concern: Poll,https://www.al.com/politics/2026/05/trumps-approval-hits-all-time-low-as-americans-blame-him-for-their-biggest-concern-poll.html,"Tue, 12 May 2026 18:32:09 +0000",He has pointed fingers at Joe Biden for lack of progress on this major issue.
njcom,"N.J. girls lacrosse group rankings for Tuesday, May 12",https://www.nj.com/highschoolsports/2026/05/nj-girls-lacrosse-group-rankings-for-tuesday-may-12.html,"Tue, 12 May 2026 18:30:00 +0000",A look at the top girls lacrosse teams in each group through the first half of the season.
njcom,Gilt’s lab‑grown diamond studs are under $500 — natural diamonds cost you 10x the price,https://www.nj.com/shopping-deals/2026/05/gilts-labgrown-diamond-studs-are-under-500-natural-diamonds-cost-you-10x-the-price.html,"Tue, 12 May 2026 18:30:00 +0000","Gilt's limited-time flash sale brings lab-grown diamond earrings to an accessible price point, with the Amairah 14K yellow gold studs serving the same sparkle as natural diamonds, for a fraction of the cost."
silive,Gilt’s lab‑grown diamond studs are under $500 — natural diamonds cost you 10x the price,https://www.silive.com/shopping-deals/2026/05/gilts-labgrown-diamond-studs-are-under-500-natural-diamonds-cost-you-10x-the-price.html,"Tue, 12 May 2026 18:30:00 +0000","Gilt's limited-time flash sale brings lab-grown diamond earrings to an accessible price point, with the Amairah 14K yellow gold studs serving the same sparkle as natural diamonds, for a fraction of the cost."
clevelanddotcom,A state semifinal preview? These two Northeast Ohio boys lacrosse teams could meet again with more on the line,https://www.cleveland.com/highschoolsports/2026/05/a-state-semifinal-preview-these-two-northeast-ohio-boys-lacrosse-teams-could-meet-again-with-more-on-the-line.html,"Tue, 12 May 2026 18:29:53 +0000",The two Division II programs could face each other again in June if both advance through their respective regional tournaments.
syracuse,"‘70s rock great dead at 80: ‘He was a mentor, a role model, an inspiration’",https://www.syracuse.com/entertainment/2026/05/70s-rock-great-dead-at-80-he-was-a-mentor-a-role-model-an-inspiration.html,"Tue, 12 May 2026 18:28:35 +0000",He contributed to more than 100 albums in his career.
mlive,Apple Pay casinos in Michigan: Complete list of licensed sites that accept it (2026),https://www.mlive.com/online-casinos/2026/05/apple-pay-casinos-in-michigan-complete-list-of-licensed-sites-that-accept-it-2026.html,"Tue, 12 May 2026 18:28:00 +0000","Looking for Apple Pay casinos in Michigan? Discover the best licensed MI online casinos that accept Apple Pay in 2026, including BetMGM, FanDuel, DraftKings & more."
clevelanddotcom,City Club of Cleveland panders to RFK Jr. with servile online profile of May 7 speaker: Letter to the Editor,https://www.cleveland.com/letters/2026/05/city-club-of-cleveland-panders-to-rfk-jr-with-servile-online-profile-of-may-7-speaker.html,"Tue, 12 May 2026 18:25:20 +0000","To be true to its mission, The City Club of Cleveland should present a balanced, truthful, complete picture of its speaker, not one written from a single, limited point of view, as was the case for Robert F. Kennedy Jr., writes Karen Barta of Akron in a letter to the editor."
masslive,Memphis Grizzlies forward Brandon Clarke dies at 29,https://www.masslive.com/celtics/2026/05/memphis-grizzlies-forward-brandon-clarke-dies-at-29.html,"Tue, 12 May 2026 18:24:03 +0000","Grizzlies forward Brandon Clarke has died at age 29, his team and agency announced on Tuesday."
mlive,Bay County prep roundup: Senior Day brings out biggest win in 10 years,https://www.mlive.com/highschoolsports/2026/05/bay-county-prep-roundup-senior-day-brings-out-biggest-win-in-10-years.html,"Tue, 12 May 2026 18:22:38 +0000","A look at the high school sports scene in Bay County for May 11, 2026"
clevelanddotcom,"Guardians, Los Angeles Angels starting lineups for May 12, 2026: Game No.44",https://www.cleveland.com/guardians/2026/05/guardians-los-angeles-angels-starting-lineups-for-may-12-2026-game-no44.html,"Tue, 12 May 2026 18:20:25 +0000",Slade Cecconi will try to win his third straight start tonight when he faces the Angels.
masslive,"Wake, funeral arrangements set for Mass. state trooper killed in wrong-way crash",https://www.masslive.com/news/2026/05/wake-funeral-arrangements-set-for-mass-state-trooper-killed-in-wrong-way-crash.html,"Tue, 12 May 2026 18:20:23 +0000",Trainor had just finished his regular shift and was responding to a report about the wrong-way driver.
clevelanddotcom,Prosecutors hail Strongsville Costco employee as ‘hero’ in shooting,https://www.cleveland.com/court-justice/2026/05/texas-man-indicted-in-strongsville-costco-shooting-of-employee.html,"Tue, 12 May 2026 18:20:10 +0000","Christian Bryant, a Texas man, was indicted on murder charges after prosecutors said he fatally shot a Costco employee."
clevelanddotcom,"Widespread internet, phone outage impacting Greater Akron Tuesday",https://www.cleveland.com/akron/2026/05/widespread-internet-phone-outage-impacting-greater-akron-tuesday.html,"Tue, 12 May 2026 18:19:14 +0000",An internet and phone outage is impacting Spectrum customers throughout Greater Akron on Tuesday.
mlive,"These 140 photos capture high fashion, bold arrivals from Muskegon’s 2026 prom ‘show‑off’",https://www.mlive.com/prom/2026/05/these-140-photos-capture-high-fashion-bold-arrivals-from-muskegons-2026-prom-showoff.html,"Tue, 12 May 2026 18:18:00 +0000","Sunlight glinted off beaded gowns and tinted shades for joy‑filled moments that captured the day at the brightest moments, untouched by whatever lay beyond them."
clevelanddotcom,A Chick-fil-A could be coming to Wadsworth,https://www.cleveland.com/news/2026/05/a-chick-fil-a-could-be-coming-to-wadsworth.html,"Tue, 12 May 2026 18:17:58 +0000",City officials are awaiting revisions to a traffic study that could determine whether roadway changes are needed along the High Street corridor near the proposed 830 High St. location.
oregonlive,"Mail your ballot today, or find a drop box",https://www.oregonlive.com/politics/2026/05/mail-your-ballot-today-or-find-a-drop-box.html,"Tue, 12 May 2026 18:15:55 +0000",U.S. Postal Service changes could lead to delays in ballots being postmarked.
silive,Distressed mother duck leads ex-cop to her trapped babies: FDNY helps save them,https://www.silive.com/news/2026/05/distressed-mother-duck-leads-ex-cop-to-her-trapped-babies-fdny-helps-save-them.html,"Tue, 12 May 2026 18:15:43 +0000",Four residents spend two hours freeing baby ducks from underground drain using pool net and crowbar after emergency services delayed response
njcom,Olympic Conference softball season stat leaders for May 12,https://www.nj.com/highschoolsports/2026/05/olympic-conference-softball-season-stat-leaders-for-may-12.html,"Tue, 12 May 2026 18:15:24 +0000",See all the top softball performers in the Olympic Conference this season.
njcom,Unpopular ex-Eagles coach breaks silence months after getting fired,https://www.nj.com/eagles/2026/05/unpopular-ex-eagles-coach-breaks-silence-months-after-getting-fired.html,"Tue, 12 May 2026 18:15:02 +0000",Former Eagles coach opens up about his time with the team.
pennlive,Unpopular ex-Eagles coach breaks silence months after getting fired,https://www.pennlive.com/philadelphiaeagles/2026/05/unpopular-ex-eagles-coach-breaks-silence-months-after-getting-fired.html,"Tue, 12 May 2026 18:15:02 +0000",Former Eagles coach opens up about his time with the team.
mlive,"‘Completely reimagined’ Dutch Village Adventure Park has new name, new owners",https://www.mlive.com/news/saginaw-bay-city/2026/05/completely-reimagined-dutch-village-adventure-park-has-new-name-new-owners.html,"Tue, 12 May 2026 18:15:00 +0000","Parkside Mini Golf, 2525 N. Euclid Ave. in Bay City, has glow golf, cookie ice cream sandwiches and other new offerings."
alcom,Roger Daltrey announces ‘A Great Night Out’ solo run: How to secure tickets during this week’s presale,https://www.al.com/live-entertainment/2026/05/roger-daltrey-announces-a-great-night-out-solo-run-how-to-secure-tickets-during-this-weeks-presale.html,"Tue, 12 May 2026 18:12:36 +0000","Legendary singer and guitarist of The Who, Roger Daltrey, just announced a 2026 solo run that includes 20 stops throughout the U.S."
alcom,Chumba casino alternatives with better payouts in May,https://www.al.com/sweepstakes/2026/05/chumba-casino-alternatives-with-better-payouts-in-may.html,"Tue, 12 May 2026 18:09:00 +0000","Players searching for sites like Chumba Casino have strong options this May. Here are six sweepstakes platforms worth comparing on payouts, bonuses and game variety."
oregonlive,Hantavirus cases from cruise ship grow to 11,https://www.oregonlive.com/health/2026/05/hantavirus-cases-from-cruise-ship-grow-to-11.html,"Tue, 12 May 2026 18:08:40 +0000",Three people on the cruise died.
mlive,Lions complete 2026 draft class signings with first-round pick on board,https://www.mlive.com/lions/2026/05/lions-complete-2026-draft-class-signings-with-first-round-pick-on-board.html,"Tue, 12 May 2026 18:07:52 +0000",The Lions confirmed Tuesday that all seven members of their 2026 draft class are now under contract.
clevelanddotcom,"Browns rookie minicamp analysis, look at the Guardians’ minor league prospects: Tuesday’s Sports 4 CLE",https://www.cleveland.com/sports/2026/05/browns-rookie-minicamp-analysis-look-at-the-guardians-minor-league-prospects-tuesdays-sports-4-cle.html,"Tue, 12 May 2026 18:07:46 +0000","Check out today's show, brought to you by Tri-C, live at 4 p.m., or watch later on as host Dave Bacon leads discussions on the big issues in Cleveland sports."
masslive,Patriots veteran Kevin Byard on Mike Vrabel in wake of scandal: ‘Same old guy’,https://www.masslive.com/patriots/2026/05/patriots-veteran-kevin-byard-on-mike-vrabel-in-wake-of-scandal-same-old-guy.html,"Tue, 12 May 2026 18:07:43 +0000","Kevin Byard and Romeo Doubs, two of the team's newest Patriots, talk about how Mike Vrabel has come across to them in recent weeks."
njcom,"What $400,000 can buy you in Somerset County, April 27 to May 3",https://www.nj.com/realestate-news/2026/05/what-400000-can-buy-you-in-somerset-county-april-27-to-may-3.html,"Tue, 12 May 2026 18:06:40 +0000","Prospective homebuyers considering the real estate market had a range of options in various neighborhoods throughout the region over the week of April 27 to May 3. In this article, we outline recent property sales in Somerset County, all of which featured properties at the price point of $400,000 or under."
clevelanddotcom,Why Bengals coach Zac Taylor wants an international game in 2026,https://www.cleveland.com/bengals/2026/05/why-bengals-coach-zac-taylor-wants-an-international-game-in-2026.html,"Tue, 12 May 2026 18:05:30 +0000",Zac Taylor and the Bengals have not played an international game in seven years and have only played two games in Europe.
silive,"1-year-old boy dies, twin children critically injured in NYC apartment fire",https://www.silive.com/crime-safety/2026/05/1-year-old-boy-dies-twin-children-critically-injured-in-nyc-apartment-fire.html,"Tue, 12 May 2026 18:05:22 +0000","The fire broke out around 3:40 p.m. in an apartment building in Fordham on Monday, according to the FDNY."
syracuse,Don’t lump paper into the drive to reduce plastic packaging (Your Letters),https://www.syracuse.com/opinion/2026/05/dont-lump-paper-into-the-drive-to-reduce-plastic-packaging-your-letters.html,"Tue, 12 May 2026 18:04:53 +0000","NY's extended producer responsibility bill threatens success of paper recycling. It also would raise costs on consumers, writes paper industry advocate."
clevelanddotcom,Assassination of a president solves nothing. To applaud the attempt injures us all: Letter to the Editor,https://www.cleveland.com/letters/2026/05/assassination-of-a-president-solves-nothing-to-applaud-the-attempt-injures-us-all.html,"Tue, 12 May 2026 18:03:52 +0000","I agree wholeheartedly with Ted Diadiun's May 10 commentary, “Unapologetic hatred is damaging the health of the nation.” No matter our personal political views, spiritual self-destruction is what we are talking about in wishing our president dead at the hands of an assassin, writes Thomas Riis of Oberlin in a letter to the editor."
clevelanddotcom,Olivia Rodrigo LA tickets: Where to get discounts before likely sellouts,https://www.cleveland.com/live-entertainment/2026/05/olivia-rodrigo-la-tickets-where-to-get-discounts-before-likely-sellouts.html,"Tue, 12 May 2026 18:03:36 +0000",Olivia Rodrigo is bringing the Unraveled Tour to Los Angeles for 10 arena shows. These are the best ticket options available now if you haven't been able to secure seats.
pennlive,Pittsburgh Steelers land former National Champion after rookie minicamp tryout,https://www.pennlive.com/steelers/2026/05/pittsburgh-steelers-land-former-national-champion-after-rookie-minicamp-tryout.html,"Tue, 12 May 2026 18:02:24 +0000",The Pittsburgh Steelers have signed former Michigan center Greg Crippen.
alcom,"French widow, 85, detained in Alabama haunted by children crying in detention: ‘There’s babies in this jail’",https://www.al.com/news/2026/05/french-widow-85-detained-in-alabama-haunted-by-children-crying-in-detention-theres-babies-in-this-jail.html,"Tue, 12 May 2026 18:01:31 +0000","Marie-Thérèse Ross said ""it’s terrible for a woman not to know where her children are.”"
mlive,Spring sports stars: Who is Michigan’s top senior boys track & field athlete in 2026? Vote now!,https://www.mlive.com/highschoolsports/2026/05/spring-sports-stars-who-is-michigans-top-senior-boys-track-field-athlete-in-2026-vote-now.html,"Tue, 12 May 2026 18:00:53 +0000",Who is the top senior boys track and field athlete in Michigan? Vote as often as you want in our fan poll.
njcom,Hudson County Interscholastic Athletic League softball season stat leaders for May 12,https://www.nj.com/highschoolsports/2026/05/hudson-county-interscholastic-athletic-league-softball-season-stat-leaders-for-may-12.html,"Tue, 12 May 2026 18:00:48 +0000",Check out the softball stat leaders across the HCIAL so far.
silive,"Brewery faces backlash for posts tied to deaths of Trump, Giuliani",https://www.silive.com/politics/2026/05/brewery-faces-backlash-for-posts-tied-to-deaths-of-trump-giuliani.html,"Tue, 12 May 2026 18:00:00 +0000",It's the latest disturbing offer from the brewery.
mlive,Check out our favorite 6 photos from Bay City Western’s 2026 prom,https://www.mlive.com/prom/2026/05/check-out-our-favorite-6-photos-from-bay-city-westerns-2026-prom.html,"Tue, 12 May 2026 18:00:00 +0000","Bay City Western High School held their “A Night in Rio” themed prom at Great Hall Banquet and Convention Center in Midland, Mich. on Saturday, May 9."
syracuse,Best Buy is having a huge $90 off deal on the Ninja SLUSHi machine,https://www.syracuse.com/shopping/2026/05/best-buy-is-having-a-huge-90-off-deal-on-the-ninja-slushi-machine.html,"Tue, 12 May 2026 18:00:00 +0000","This countertop star is made for backyard hangouts, movie nights, and any moment that calls for something cold, colorful, and seriously refreshing."
njcom,"Asking Eric: I like him, but I have a problem with his personal hygiene",https://www.nj.com/advice/2026/05/asking-eric-i-like-him-but-i-have-a-problem-with-his-personal-hygiene.html,"Tue, 12 May 2026 18:00:00 +0000","Quite bluntly, he smells!"
njcom,"‘My Lord, What a Night’ is a clumsy history lesson on N.J. stage | Review",https://www.nj.com/entertainment/2026/05/my-lord-what-a-night-is-a-clumsy-history-lesson-on-nj-stage-review.html,"Tue, 12 May 2026 18:00:00 +0000",Interesting people and important historical events do not automatically make for good theater
oregonlive,Asking Eric: How do I tell nice man I’ve met I’d be interested in him if he didn’t smell so bad?,https://www.oregonlive.com/advice/2026/05/asking-eric-how-do-i-tell-nice-man-ive-met-id-be-interested-in-him-if-he-didnt-smell-so-bad.html,"Tue, 12 May 2026 18:00:00 +0000","She's in her 70s, and isn't really looking. But she enjoys his company, as long as he's at arm's length."
pennlive,Amazon’s bold new service promises delivery in 30 minutes or less — here’s how it works,https://www.pennlive.com/life/2026/05/amazons-bold-new-service-promises-delivery-in-30-minutes-or-less-heres-how-it-works.html,"Tue, 12 May 2026 17:58:59 +0000","Amazon Now launches in Atlanta, Dallas-Fort Worth, Philadelphia, and Seattle, with groceries, electronics, and more available around the clock."
masslive,Buy tickets to Olivia Rodrigo sold-out tour in Hartford,https://www.masslive.com/live-entertainment/2026/05/olivia-rodrigo-to-kick-off-sold-out-tour-in-hartford-heres-where-to-buy-tickets.html,"Tue, 12 May 2026 17:58:44 +0000","Olivia Rodrigo's sold-out ""Unraveled Tour"" kicks off in Hartford, CT, in  September. Here's how fans can still buy tickets."
mlive,Elvis tribute show coming to Dow Event Center in Saginaw,https://www.mlive.com/news/saginaw-bay-city/2026/05/elvis-tribute-show-coming-to-dow-event-center-in-saginaw.html,"Tue, 12 May 2026 17:58:13 +0000","Jake Slater, a two-time winner of the Saginaw King Fest, will take the stage this week in downtown Saginaw."
oregonlive,"Kotek’s prosperity council could target Oregon corporate activity tax, adviser suggests",https://www.oregonlive.com/politics/2026/05/koteks-prosperity-council-could-target-oregon-corporate-activity-tax-adviser-suggests.html,"Tue, 12 May 2026 17:56:20 +0000",Former Senate Minority Leader Tim Knopp’s comments came during a wide-ranging speech Monday.
masslive,Romeo Doubs would be thrilled if the Patriots trade for A.J. Brown,https://www.masslive.com/patriots/2026/05/romeo-doubs-would-be-thrilled-if-the-patriots-trade-for-aj-brown.html,"Tue, 12 May 2026 17:55:59 +0000",Romeo Doubs has tremendous respect for A.J. Brown and says his experience in Green Bay's offense prepared him to thrive in any role the Patriots need him to fill.
mlive,Volunteers to help Saginaw nonprofits during Community Impact Day,https://www.mlive.com/news/saginaw-bay-city/2026/05/volunteers-to-help-saginaw-nonprofits-during-community-impact-day.html,"Tue, 12 May 2026 17:54:57 +0000",About 200 Saginaw Chamber volunteers will help nonprofits with hands-on projects during Community Impact Day.
pennlive,Skin cream sold nationwide recalled after discovery of staph contamination,https://www.pennlive.com/news/2026/05/skin-cream-sold-nationwide-recalled-after-discovery-of-staph-contamination.html,"Tue, 12 May 2026 17:54:13 +0000","The 6-ounce tubes were distributed nationwide to wholesale, retail and internet distributors, including Amazon."
clevelanddotcom,Airbnb may block thousands of rentals on Memorial Day weekend. Here’s why,https://www.cleveland.com/crime/2026/05/airbnb-may-block-thousands-of-rentals-on-memorial-day-weekend-heres-why.html,"Tue, 12 May 2026 17:51:41 +0000","Airbnb is reactivating technology to prevent disruptive parties after multiple violent events, including a mass shooting last year in Bath Township that killed a teen."
mlive,Rural township extends pause on data centers following controversial Meta-backed project,https://www.mlive.com/news/ann-arbor/2026/05/rural-township-extends-pause-on-data-centers-following-controversial-meta-backed-project.html,"Tue, 12 May 2026 17:48:20 +0000",Howell Township officials extend data center moratorium another six months to work on local rules and regulations following interest from a tech giant
alcom,North Alabama town in line for $7 million upgrade to water system,https://www.al.com/news/2026/05/north-alabama-town-in-line-for-7-million-upgrade-to-water-system.html,"Tue, 12 May 2026 17:47:57 +0000",Mayor Ryan Jolly said it’s essential to the city to have a more advanced water system.
masslive,"How should Sox fans remember you, Mr. Henry? | Elizabeth Simmons",https://www.masslive.com/opinion/2026/05/how-should-sox-fans-remember-you-mr-henry-elizabeth-simmons.html,"Tue, 12 May 2026 17:46:09 +0000","Mr. Henry, I would hate for all you’ve done for the Red Sox and Boston be diminished by current choices."
njcom,Greater Middlesex Conference softball season stat leaders for May 12,https://www.nj.com/highschoolsports/2026/05/greater-middlesex-conference-softball-season-stat-leaders-for-may-12.html,"Tue, 12 May 2026 17:46:08 +0000",Check out the top softball stat leaders across the GMC so far.
clevelanddotcom,Westlake earns national recognition for senior programming,https://www.cleveland.com/community/2026/05/westlake-community-services-department-receives-national-recognition-for-senior-programming.html,"Tue, 12 May 2026 17:43:03 +0000","The National Council on Aging, through its National Institute of Senior Centers, has honored the Westlake Community Services Department for its senior programming."
syracuse,Pistachio biscotti,https://www.syracuse.com/nytcooking/2026/05/1022171-pistachio-biscotti.html,"Tue, 12 May 2026 17:42:02 +0000","These delightful pistachio biscotti, perfect for dunking in your favorite beverage, offer a crisp texture and enhanced flavor after a day or two, with the option to substitute almonds or walnuts."
clevelanddotcom,Pistachio biscotti,https://www.cleveland.com/nytcooking/2026/05/1022171-pistachio-biscotti.html,"Tue, 12 May 2026 17:42:02 +0000","These delightful pistachio biscotti, perfect for dunking in your favorite beverage, offer a crisp texture and enhanced flavor after a day or two, with the option to substitute almonds or walnuts."
mlive,Pistachio biscotti,https://www.mlive.com/nytcooking/2026/05/1022171-pistachio-biscotti.html,"Tue, 12 May 2026 17:42:02 +0000","These delightful pistachio biscotti, perfect for dunking in your favorite beverage, offer a crisp texture and enhanced flavor after a day or two, with the option to substitute almonds or walnuts."
pennlive,Pistachio biscotti,https://www.pennlive.com/nytcooking/2026/05/1022171-pistachio-biscotti.html,"Tue, 12 May 2026 17:42:02 +0000","These delightful pistachio biscotti, perfect for dunking in your favorite beverage, offer a crisp texture and enhanced flavor after a day or two, with the option to substitute almonds or walnuts."
lehighvalley,Pistachio biscotti,https://www.lehighvalleylive.com/nytcooking/2026/05/1022171-pistachio-biscotti.html,"Tue, 12 May 2026 17:42:02 +0000","These delightful pistachio biscotti, perfect for dunking in your favorite beverage, offer a crisp texture and enhanced flavor after a day or two, with the option to substitute almonds or walnuts."
njcom,Pistachio biscotti,https://www.nj.com/nytcooking/2026/05/1022171-pistachio-biscotti.html,"Tue, 12 May 2026 17:42:02 +0000","These delightful pistachio biscotti, perfect for dunking in your favorite beverage, offer a crisp texture and enhanced flavor after a day or two, with the option to substitute almonds or walnuts."
masslive,Pistachio biscotti,https://www.masslive.com/nytcooking/2026/05/1022171-pistachio-biscotti.html,"Tue, 12 May 2026 17:42:02 +0000","These delightful pistachio biscotti, perfect for dunking in your favorite beverage, offer a crisp texture and enhanced flavor after a day or two, with the option to substitute almonds or walnuts."
oregonlive,Pistachio biscotti,https://www.oregonlive.com/nytcooking/2026/05/1022171-pistachio-biscotti.html,"Tue, 12 May 2026 17:42:02 +0000","These delightful pistachio biscotti, perfect for dunking in your favorite beverage, offer a crisp texture and enhanced flavor after a day or two, with the option to substitute almonds or walnuts."
silive,Pistachio biscotti,https://www.silive.com/nytcooking/2026/05/1022171-pistachio-biscotti.html,"Tue, 12 May 2026 17:42:02 +0000","These delightful pistachio biscotti, perfect for dunking in your favorite beverage, offer a crisp texture and enhanced flavor after a day or two, with the option to substitute almonds or walnuts."
alcom,Pistachio biscotti,https://www.al.com/nytcooking/2026/05/1022171-pistachio-biscotti.html,"Tue, 12 May 2026 17:42:02 +0000","These delightful pistachio biscotti, perfect for dunking in your favorite beverage, offer a crisp texture and enhanced flavor after a day or two, with the option to substitute almonds or walnuts."
masslive,Man pleads guilty in ‘vicious attack’ outside Mass. bar,https://www.masslive.com/news/2026/05/fall-river-man-pleads-guilty-in-vicious-attack-outside-new-bedford-bar.html,"Tue, 12 May 2026 17:41:04 +0000",A 23-year-old Massachusetts man has pleaded guilty to an attack outside a bar last summer that left the victim with brain bleeds and permanent serious injuries.
masslive,MIAA Power Rankings: See where baseball programs stand in 5th release,https://www.masslive.com/highschoolsports/2026/05/miaa-power-rankings-see-where-baseball-programs-stand-in-5th-release.html,"Tue, 12 May 2026 17:40:46 +0000",The MIAA released its fifth set of power rankings on Tuesday.
mlive,Eminem’s ex-wife pleads no contest in connection to hit-and-run with parked truck,https://www.mlive.com/crime/2026/05/eminems-ex-wife-pleads-no-contest-in-connection-to-hit-and-run-with-parked-truck.html,"Tue, 12 May 2026 17:40:15 +0000",Kim Mathers will be sentenced on June 17 after pleading no contest to operating while impaired and to failing to report an accident.
njcom,‘Trump helped save LIV Golf’ — now he may have doomed it,https://www.nj.com/sports/2026/05/trump-helped-save-liv-golf-now-he-may-have-doomed-it.html,"Tue, 12 May 2026 17:40:00 +0000","LIV Golf survived legal battles, player defections, and a PR disaster — but a war in Iran and a Saudi spending freeze may finally be the knockout punch."
oregonlive,Pine Mountain fire near Bend 100% contained,https://www.oregonlive.com/wildfires/2026/05/pine-mountain-fire-near-bend-100-contained.html,"Tue, 12 May 2026 17:39:28 +0000",The wildfire started last week when a prescribed burn spread.
mlive,Paving work to close section of Wilson Road in Genesee County,https://www.mlive.com/news/flint/2026/05/paving-work-to-close-section-of-wilson-road-in-genesee-county.html,"Tue, 12 May 2026 17:39:27 +0000","The road will be closed to through traffic during those times, though emergency vehicles and buses will be permitted to pass through the work zone."
njcom,Colonial Valley Conference softball season stat leaders for May 12,https://www.nj.com/highschoolsports/2026/05/colonial-valley-conference-softball-season-stat-leaders-for-may-12.html,"Tue, 12 May 2026 17:39:07 +0000",Check out the top softball performers in the CVC this season.
clevelanddotcom,Want a college basketball locker room? A centrifuge? They’re up for auction,https://www.cleveland.com/court-justice/2026/05/want-a-college-basketball-locker-room-a-centrifuge-theyre-up-for-auction.html,"Tue, 12 May 2026 17:38:49 +0000","More than 1,000 items left on Notre Dame College's campus after it shuttered are now up for auction."
clevelanddotcom,Browns 2026 schedule to be released Thursday: Will they return to prime time? Play overseas? What we know so far,https://www.cleveland.com/browns/2026/05/browns-2026-schedule-to-be-released-thursday-will-they-return-to-prime-time-play-overseas-what-we-know-so-far.html,"Tue, 12 May 2026 17:37:54 +0000",The Browns' 2026 schedule will be released on Thursday: What we know so far
njcom,ESPN insider hints Steve Cohen could pull plug on Mets season early: ‘Their offense stinks’,https://www.nj.com/mets/2026/05/espn-insider-hints-steve-cohen-could-pull-plug-on-mets-season-early-their-offense-stinks.html,"Tue, 12 May 2026 17:37:29 +0000","With a 23% playoff probability and an offense that ""stinks,"" ESPN analyst sees the Mets following the same seller's path Steve Cohen took in 2023."
clevelanddotcom,Walnut sponge cake,https://www.cleveland.com/nytcooking/2026/05/1025141-walnut-sponge-cake.html,"Tue, 12 May 2026 17:36:47 +0000","This gluten-free walnut sponge cake, lightened with whipped egg whites and perfect with whipped cream and seasonal fruit, is a delightful treat that can easily be made with almonds or hazelnuts."
pennlive,Walnut sponge cake,https://www.pennlive.com/nytcooking/2026/05/1025141-walnut-sponge-cake.html,"Tue, 12 May 2026 17:36:47 +0000","This gluten-free walnut sponge cake, lightened with whipped egg whites and perfect with whipped cream and seasonal fruit, is a delightful treat that can easily be made with almonds or hazelnuts."
silive,Walnut sponge cake,https://www.silive.com/nytcooking/2026/05/1025141-walnut-sponge-cake.html,"Tue, 12 May 2026 17:36:47 +0000","This gluten-free walnut sponge cake, lightened with whipped egg whites and perfect with whipped cream and seasonal fruit, is a delightful treat that can easily be made with almonds or hazelnuts."
alcom,Walnut sponge cake,https://www.al.com/nytcooking/2026/05/1025141-walnut-sponge-cake.html,"Tue, 12 May 2026 17:36:47 +0000","This gluten-free walnut sponge cake, lightened with whipped egg whites and perfect with whipped cream and seasonal fruit, is a delightful treat that can easily be made with almonds or hazelnuts."
oregonlive,Walnut sponge cake,https://www.oregonlive.com/nytcooking/2026/05/1025141-walnut-sponge-cake.html,"Tue, 12 May 2026 17:36:47 +0000","This gluten-free walnut sponge cake, lightened with whipped egg whites and perfect with whipped cream and seasonal fruit, is a delightful treat that can easily be made with almonds or hazelnuts."
mlive,Walnut sponge cake,https://www.mlive.com/nytcooking/2026/05/1025141-walnut-sponge-cake.html,"Tue, 12 May 2026 17:36:47 +0000","This gluten-free walnut sponge cake, lightened with whipped egg whites and perfect with whipped cream and seasonal fruit, is a delightful treat that can easily be made with almonds or hazelnuts."
lehighvalley,Walnut sponge cake,https://www.lehighvalleylive.com/nytcooking/2026/05/1025141-walnut-sponge-cake.html,"Tue, 12 May 2026 17:36:47 +0000","This gluten-free walnut sponge cake, lightened with whipped egg whites and perfect with whipped cream and seasonal fruit, is a delightful treat that can easily be made with almonds or hazelnuts."
masslive,Walnut sponge cake,https://www.masslive.com/nytcooking/2026/05/1025141-walnut-sponge-cake.html,"Tue, 12 May 2026 17:36:47 +0000","This gluten-free walnut sponge cake, lightened with whipped egg whites and perfect with whipped cream and seasonal fruit, is a delightful treat that can easily be made with almonds or hazelnuts."
njcom,Walnut sponge cake,https://www.nj.com/nytcooking/2026/05/1025141-walnut-sponge-cake.html,"Tue, 12 May 2026 17:36:47 +0000","This gluten-free walnut sponge cake, lightened with whipped egg whites and perfect with whipped cream and seasonal fruit, is a delightful treat that can easily be made with almonds or hazelnuts."
syracuse,Walnut sponge cake,https://www.syracuse.com/nytcooking/2026/05/1025141-walnut-sponge-cake.html,"Tue, 12 May 2026 17:36:47 +0000","This gluten-free walnut sponge cake, lightened with whipped egg whites and perfect with whipped cream and seasonal fruit, is a delightful treat that can easily be made with almonds or hazelnuts."
njcom,"What can $350,000 buy you in Middlesex County, April 27 to May 3?",https://www.nj.com/realestate-news/2026/05/what-can-350000-buy-you-in-middlesex-county-april-27-to-may-3.html,"Tue, 12 May 2026 17:36:38 +0000","For prospective homebuyers eyeing the real estate market in the area of Middlesex County, here's what sold for $350,000 or under over the week of April 27 to May 3."
masslive,East Longmeadow Fourth of July parade will feature sensory-free zone,https://www.masslive.com/westernmass/2026/05/east-longmeadow-fourth-of-july-parade-will-feature-sensory-free-zone.html,"Tue, 12 May 2026 17:36:32 +0000",The Rotary Club of East Longmeadow is designating a portion of their Fourth of July parade route as a sensory-free zone.
clevelanddotcom,Karamu House launches national search for new president and CEO,https://www.cleveland.com/entertainment/2026/05/karamu-house-launches-national-search-for-new-president-and-ceo.html,"Tue, 12 May 2026 17:36:22 +0000","Tony Sias, who has led the theater since 2015, will shift into a newly created artistic director role."
masslive,"The desperate hour before Cambridge shooting: A parole officer’s frantic calls, a roommate’s warning and a FaceTime threat",https://www.masslive.com/boston/2026/05/the-desperate-hour-before-cambridge-shooting-a-parole-officers-frantic-calls-a-roommates-warning-and-a-facetime-threat.html,"Tue, 12 May 2026 17:36:07 +0000",A Boston man was spiraling — and his parole officer knew. Here’s the hour of warnings before he opened fire in Cambridge on Monday afternoon.
alcom,Academy just dropped a motherlode of deals on Columbia’s PFG apparel,https://www.al.com/shopping/2026/05/academy-just-dropped-a-motherlode-of-deals-on-columbias-pfg-apparel.html,"Tue, 12 May 2026 17:35:42 +0000","Academy Sports has discounted several Columbia PFG fishing shirts, hoodies, hats and summer apparel styles for a limited time."
njcom,Big North Conference softball season stat leaders for May 12,https://www.nj.com/highschoolsports/2026/05/big-north-conference-softball-season-stat-leaders-for-may-12.html,"Tue, 12 May 2026 17:35:10 +0000",Check out the softball stat leaders across the Big North so far.
njcom,The 11 most heartbreaking TV cancellations of 2026,https://www.nj.com/entertainment/2026/05/the-most-heartbreaking-tv-cancellations-of-2026.html,"Tue, 12 May 2026 17:35:00 +0000",Fans are still reeling from the cancellations of these shows
mlive,"TLC medical series ‘The Face Doctors’ premieres with nose reconstruction, e-scooter accident",https://www.mlive.com/tv/2026/05/tlc-medical-series-the-face-doctors-premieres-with-nose-reconstruction-e-scooter-accident.html,"Tue, 12 May 2026 17:34:35 +0000","TLC reveals the network’s next medical documentary-style series, “The Face Doctors,” premiering Wednesday, May 13."
mlive,Owosso track star Gabrielle Hufnagel named to Ms. Track watchlist,https://www.mlive.com/highschoolsports/2026/05/owosso-track-star-gabrielle-hufnagel-named-to-ms-track-watchlist.html,"Tue, 12 May 2026 17:33:48 +0000",The Owosso senior and Western Michigan signee holds four school records and is the only Flint-area athlete on the prestigious watchlist.
njcom,Here is where Giants’ 2026 strength of schedule ranks,https://www.nj.com/giants/2026/05/heres-how-giants-2026-strength-of-schedule-stacks-up-with-rest-of-nfl.html,"Tue, 12 May 2026 17:32:13 +0000",The Giants faced a brutal schedule last season.
masslive,All-Pro safety hopes Patriots acquire A.J. Brown from Eagles,https://www.masslive.com/patriots/2026/05/all-pro-safety-hopes-patriots-acquire-aj-brown-from-eagles.html,"Tue, 12 May 2026 17:31:59 +0000",Kevin Byard played with A.J. Brown in Tennessee and knows firsthand how the Pro Bowl receiver can transform the Patriots offense
alcom,"How much does Alabama’s Secretary of State get paid? 3 Republicans, 1 Democrat running",https://www.al.com/news/2026/05/how-much-does-alabamas-secretary-of-state-get-paid-3-republicans-1-democrat-running.html,"Tue, 12 May 2026 17:31:42 +0000","The Secretary of State is Alabama’s chief election official and certifies vote totals, ballots and fundraising records."
masslive,Cape Cod lawmaker accused of stealing thousands fighting to have single charge dismissed,https://www.masslive.com/capecod/2026/05/cape-cod-lawmaker-accused-of-stealing-thousands-fighting-to-have-single-charge-dismissed.html,"Tue, 12 May 2026 17:30:59 +0000",State Rep. Christopher Flanagan wants a judge to throw out one of the more than a dozen criminal charges he faces.
masslive,MIAA Power Rankings: See where softball programs stand in 5th release,https://www.masslive.com/highschoolsports/2026/05/miaa-power-rankings-see-where-softball-programs-stand-in-5th-release.html,"Tue, 12 May 2026 17:30:43 +0000",The MIAA released its fifth set of power rankings on Tuesday.
njcom,"Players of the Week in all 9 N.J. boys lacrosse conferences, May 5-11",https://www.nj.com/highschoolsports/2026/05/players-of-the-week-in-all-9-nj-boys-lacrosse-conferences-may-5-11.html,"Tue, 12 May 2026 17:30:00 +0000",See who turned in standout performances last week in N.J. boys lacrosse.
syracuse,"Knicks NBA Playoffs gear is selling fast, here’s where to buy yours",https://www.syracuse.com/shopping/2026/05/knicks-nba-playoffs-gear-is-selling-fast-heres-where-to-buy-yours.html,"Tue, 12 May 2026 17:29:27 +0000",New York awaits its Eastern Conference Finals opponent after sweeping the 76ers.
alcom,"99 hospitals at risk of closing in the South, report finds",https://www.al.com/news/2026/05/99-hospitals-at-risk-of-closing-in-5-southern-states-including-alabama-report-finds.html,"Tue, 12 May 2026 17:28:58 +0000",10 of Alabama’s rural hospitals have closed since 2005
mlive,Flint man to stand trial in girlfriend’s killing after body found in river,https://www.mlive.com/news/flint/2026/05/flint-man-to-stand-trial-in-girlfriends-killing-after-body-found-in-river.html,"Tue, 12 May 2026 17:28:18 +0000",A 36-year-old man will stand trial for allegedly killing his girlfriend and disposing of her body in the Flint River.
pennlive,Former NFL linebacker in prison cell after being detained by ICE,https://www.pennlive.com/sports/2026/05/former-nfl-linebacker-in-prison-cell-after-being-detained-by-ice.html,"Tue, 12 May 2026 17:25:10 +0000","The former Indianapolis Colts linebacker, who played rugby in Africa, has reportedly been detained by ICE."
pennlive,Legendary rock star cuts show short after being hit with flying record,https://www.pennlive.com/entertainment/2026/05/legendary-rock-star-cuts-show-short-after-being-hit-with-flying-record.html,"Tue, 12 May 2026 17:24:10 +0000",It was his first appearance in this city in 25 years.
newyorkupstate,State panel finds top federal prosecutor in Upstate NY committed professional misconduct,https://www.newyorkupstate.com/news/2026/05/state-panel-finds-top-federal-prosecutor-in-upstate-ny-committed-professional-misconduct.html,"Tue, 12 May 2026 17:23:44 +0000",The finding comes from a complaint that alleged John Sarcone was not truthful when he claimed a man charged at him with a knife in Albany.
syracuse,State panel finds top federal prosecutor in Upstate NY committed professional misconduct,https://www.syracuse.com/news/2026/05/state-panel-finds-top-federal-prosecutor-in-upstate-ny-committed-professional-misconduct.html,"Tue, 12 May 2026 17:23:44 +0000",The finding comes from a complaint that alleged John Sarcone was not truthful when he claimed a man charged at him with a knife in Albany.
alcom,Journey extends ‘Final Frontier Tour’: How to secure tickets during this week’s hectic presale,https://www.al.com/live-entertainment/2026/05/journey-extends-final-frontier-tour-how-to-secure-tickets-during-this-weeks-hectic-presale.html,"Tue, 12 May 2026 17:21:51 +0000",The legendary rock group Journey just extended their ongoing farewell tour. The extension includes 40 new dates that sprawl across both the U.S. and Canada throughout the fall.
masslive,"Two years after Steward’s collapse, Brown University Health seeks $6M from its estate",https://www.masslive.com/news/2026/05/two-years-after-stewards-collapse-brown-university-health-seeks-6m-from-its-estate.html,"Tue, 12 May 2026 17:21:43 +0000",Steward Health Care left Massachusetts communities scrambling. Now the health system that stepped in to pick up the pieces says Steward owes it millions.
masslive,MIAA Power Rankings: See where boys volleyball programs stand in 5th release,https://www.masslive.com/highschoolsports/2026/05/miaa-power-rankings-see-where-boys-volleyball-programs-stand-in-5th-release.html,"Tue, 12 May 2026 17:21:41 +0000",The MIAA released its fifth set of power rankings on Tuesday.
alcom,"Controversial movie, celebrity critic dead at 87",https://www.al.com/life/2026/05/controversial-movie-celebrity-critic-dead-at-87.html,"Tue, 12 May 2026 17:21:34 +0000",A friend revealed the news.
syracuse,Syracuse.com’s weekly softball rankings (through May 11): New No. 1 in Class C,https://www.syracuse.com/highschoolsports/2026/05/syracusecoms-weekly-softball-rankings-through-may-11-new-no-1-in-class-c.html,"Tue, 12 May 2026 17:20:10 +0000",This week's showdowns include No. 1s going head to head.
alcom,Delivery driver killed in Leeds crash left an ‘unimaginable void in the hearts of his family’,https://www.al.com/news/2026/05/delivery-driver-killed-in-leeds-crash-left-an-unimaginable-void-in-the-hearts-of-his-family.html,"Tue, 12 May 2026 17:17:13 +0000","Davonte Wilson was ""known for his contagious smile, kind heart, hardworking spirit and willingness to help anyone."""
mlive,Oakland County families scramble to help older relatives affected by water main break,https://www.mlive.com/news/detroit/2026/05/oakland-county-families-scramble-to-help-older-relatives-affected-by-water-main-break.html,"Tue, 12 May 2026 17:16:44 +0000","Fire departments in Orion Township, Rochester Hills, Oakland Township and Auburn Hills ordered businesses to close if water pressure was too low for fire suppressant equipment to work."
pennlive,18-year-old arrested after Lancaster County shooting,https://www.pennlive.com/news/2026/05/18-year-old-arrested-after-lancaster-county-shooting.html,"Tue, 12 May 2026 17:16:13 +0000",Two others remain at large after the Monday night shooting in the 300 block of South Queen Street.
njcom,Trump praises ex-insider’s replacement: ‘He kept me out of jail’,https://www.nj.com/politics/2026/05/trump-praises-ex-insiders-replacement-he-kept-me-out-of-jail.html,"Tue, 12 May 2026 17:15:54 +0000","Trump attacked Democrats as ""crooked."""
syracuse,"Girl hit by car while walking to school in Syracuse, police say",https://www.syracuse.com/crime/2026/05/girl-hit-by-car-while-walking-to-school-in-syracuse-police-say.html,"Tue, 12 May 2026 17:15:40 +0000",The teen was hit near Institute of Technology at Syracuse Central. She was taken to Upstate University Hospital.
alcom,Limited Steve Jobs commemorative coin for innovation debuts: How to get one,https://www.al.com/news/2026/05/limited-steve-jobs-commemorative-coin-for-innovation-debuts-how-to-get-one.html,"Tue, 12 May 2026 17:13:53 +0000",It's part of the U.S. Mint's American Innovation series.
oregonlive,Top-ranked Portland coffee chain to replace newly vacant Starbucks cafe,https://www.oregonlive.com/retail/2026/05/top-ranked-portland-coffee-chain-to-replace-newly-vacant-starbucks-cafe.html,"Tue, 12 May 2026 17:13:12 +0000",The local chain has been ranked one of the world’s best coffee shops two years in a row.
clevelanddotcom,"Last-minute Hayley Williams LA tickets to May 12, 13, 15 Wiltern shows",https://www.cleveland.com/live-entertainment/2026/05/last-minute-hayley-williams-la-tickets-to-may-12-13-15-wiltern-shows.html,"Tue, 12 May 2026 17:11:43 +0000","Hayley Williams is bringing ""At a Bachelorette Party"" to LA starting tonight. Check out the best ticket options for each of the sold‑out Wiltern tour dates."
syracuse,Eighth grader delivers record-breaking season for CNY flag football team,https://www.syracuse.com/highschoolsports/2026/05/eighth-grader-delivers-record-breaking-season-for-central-new-york-flag-football-team.html,"Tue, 12 May 2026 17:09:23 +0000","In her first varsity season, she recorded 110 receptions and 15 interceptions. Those are both Section III records."
pennlive,Penn State football: What to make of PSU’s offensive line coming out of spring,https://www.pennlive.com/pennstatefootball/2026/05/penn-state-football-what-to-make-of-psus-offensive-line-coming-out-of-spring.html,"Tue, 12 May 2026 17:07:01 +0000","Penn State's 2026 offensive line could wind up being an interesting mix of transfers, talented youngsters and a proven PSU starter."
mlive,Top Sweepstakes Casinos Like Chanced to Play,https://www.mlive.com/sweepstakes-casinos/2026/05/top-sweepstakes-casinos-like-chanced-to-play.html,"Tue, 12 May 2026 17:07:00 +0000","Find casinos like Chanced with similar sweeps-style play, coin bonuses, redemption paths and game libraries, plus what to check before joining."
njcom,"What can $400,000 buy you in Bergen County, April 27 to May 3?",https://www.nj.com/realestate-news/2026/05/what-can-400000-buy-you-in-bergen-county-april-27-to-may-3.html,"Tue, 12 May 2026 17:06:39 +0000","Prospective homebuyers considering the real estate market had a range of options in various neighborhoods throughout the region during the week of April 27 to May 3. In this article, we outline recent property sales in Bergen County, all of which featured properties at the price point of $400,000 or under."
clevelanddotcom,Michael Kors Outlet new Vacation Shop feels straight beachside mood board with up to 70% off,https://www.cleveland.com/shopping/2026/05/michael-kors-outlet-new-vacation-shop-feels-straight-beachside-mood-board-with-up-to-70-off.html,"Tue, 12 May 2026 17:05:04 +0000","""Just add sunshine"" - Michael Kors Outlet's new vacation collection has the perfect mix of bold and neutral pieces for summer."
mlive,Police identify person of interest in fatal Kentwood hit-and-run of teen pedestrian,https://www.mlive.com/news/grand-rapids/2026/05/police-identify-person-of-interest-in-fatal-kentwood-hit-and-run-of-teen-pedestrian.html,"Tue, 12 May 2026 17:03:17 +0000",Kentwood police said they used license plate reader cameras to help identify a vehicle involved in a crash believed to have occurred May 6.
mlive,‘Something out of a Dr. Seuss book.’ DTE criticized for tree ‘massacre’ in Ann Arbor,https://www.mlive.com/news/ann-arbor/2026/05/something-out-of-a-dr-seuss-book-dte-criticized-for-tree-massacre-in-ann-arbor.html,"Tue, 12 May 2026 17:03:02 +0000",DTE Energy's recent tree trimming work in Ann Arbor has generated chatter in the community and even the Wall Street Journal is reporting on it.
masslive,MIAA Power Rankings: See where boys lacrosse programs stand in 5th release,https://www.masslive.com/highschoolsports/2026/05/miaa-power-rankings-see-where-boys-lacrosse-programs-stand-in-5th-release.html,"Tue, 12 May 2026 17:02:42 +0000",The MIAA released its fifth set of power rankings on Tuesday.
pennlive,Here’s why the grass might look different at Gettysburg National Park,https://www.pennlive.com/news/2026/05/heres-why-the-grass-might-look-different-at-gettysburg-national-park.html,"Tue, 12 May 2026 17:02:15 +0000",Visitors may experience temporary trail closures or see areas that appear sparse during the early stages of the project.
syracuse,Experts update Sabres vs. Canadiens Game 4 predictions with Buffalo making a major change,https://www.syracuse.com/betting/2026/05/experts-update-sabres-vs-canadiens-game-4-predictions-with-buffalo-making-a-major-change.html,"Tue, 12 May 2026 17:01:48 +0000",Read this updated preview for Tuesday's NHL Playoff Game 4 between Buffalo and Montreal after the Sabres announced some major changes. Explore the different Kalshi markets available for the game.
mlive,"Ex-Michigan State assistant, Western Michigan head coach gets new job in Big Ten",https://www.mlive.com/spartans/basketball/2026/05/ex-michigan-state-assistant-western-michigan-head-coach-gets-new-job-in-big-ten.html,"Tue, 12 May 2026 17:01:04 +0000",Dwayne Stephens spent 19 seasons as an assistant at Michigan State before the last four leading the Broncos.
njcom,"N.J. man sent video of woman performing sex act on him to her mother and her boss, cops say",https://www.nj.com/morris/2026/05/nj-man-sent-video-of-woman-performing-sex-act-on-him-to-her-mother-and-her-boss-cops-say.html,"Tue, 12 May 2026 17:00:14 +0000","The 20-year-old filmed also sent a woman other explicit videos, Morris County authorities allege."
lehighvalley,"Moscato shuts down Bangor, sends Southern Lehigh baseball to Colonial League final",https://www.lehighvalleylive.com/highschoolsports/2026/05/moscato-shuts-down-bangor-sends-southern-lehigh-baseball-to-colonial-league-final.html,"Tue, 12 May 2026 17:00:05 +0000",The Spartans cruised into the Colonial League final.
oregonlive,Dear Abby: Learning secret about sibling’s bio father is a weight on my shoulders,https://www.oregonlive.com/advice/2026/05/dear-abby-learning-secret-about-siblings-real-father-is-a-weight-on-my-shoulders.html,"Tue, 12 May 2026 17:00:00 +0000",Does this sister know she's got a different dad? Whose job is it to tell her?
silive,Trump’s influence on sports extends to controversial pardon of former NASCAR driver,https://www.silive.com/politics/2026/05/trumps-influence-on-sports-extends-to-controversial-pardon-of-former-nascar-driver.html,"Tue, 12 May 2026 17:00:00 +0000",The Pa. native got a helping hand from the president.
pennlive,"Pa. township commissioner arrested on stalking, harassment charges",https://www.pennlive.com/crime/2026/05/pa-township-commissioner-arrested-on-stalking-harassment-charges.html,"Tue, 12 May 2026 16:59:26 +0000",The Bethlehem Township case stems from a dispute among neighbors.
syracuse,West Genesee’s Mario Kart team caps undefeated season with state title,https://www.syracuse.com/highschoolsports/2026/05/west-genesees-mario-kart-team-caps-undefeated-season-with-state-title.html,"Tue, 12 May 2026 16:59:21 +0000",The team evolved from a “casual club into a rigorous varsity-level program” over the past two years.
njcom,"N.J. streamer PlaqueBoyMax booed, gets trash thrown at him during concert festival debut",https://www.nj.com/entertainment/2026/05/nj-streamer-booed-gets-trash-thrown-at-him-during-concert-festival-debut-yall-are-trolls.html,"Tue, 12 May 2026 16:57:29 +0000","While performing his single ""Pink Dreads,"" the 23-year-old streamer partially dodged trash being thrown at him from the concert crowd."
njcom,"New app, cleaner buses among the NJ Transit changes Sherrill hopes will make your commute better",https://www.nj.com/news/2026/05/new-app-cleaner-buses-among-the-nj-transit-changes-sherrill-hopes-will-make-your-commute-better.html,"Tue, 12 May 2026 16:57:29 +0000",Gov. Mikie Sherril unveiled a plan to improve NJ Transit's rider experience that she ordered in March. The top priority rider experience improvements would be implemented in June.
pennlive,"Mid-Penn softball stat leaders through Monday, May 11",https://www.pennlive.com/highschoolsports/2026/05/mid-penn-softball-stat-leaders-through-monday-may-11.html,"Tue, 12 May 2026 16:55:33 +0000","With the regular season nearing its close, here are the best of the bunch in the Mid-Penn softball stat leaderboards."
clevelanddotcom,Wadsworth downtown construction to avoid holiday season,https://www.cleveland.com/news/2026/05/wadsworth-downtown-construction-to-avoid-holiday-season.html,"Tue, 12 May 2026 16:55:08 +0000",City officials plan to complete work at the main intersection by Nov. 1 after business owners warned that disruptions during peak shopping months could force closures.
mlive,Yuzu-miso glazed asparagus tart,https://www.mlive.com/nytcooking/2026/05/777581596-yuzu-miso-glazed-asparagus-tart.html,"Tue, 12 May 2026 16:54:51 +0000","This yuzu-miso glazed asparagus tart combines tangy, floral notes with crisp puff pastry and feta, making it a deliciously unique and visually stunning dish perfect for easy weeknight meals."
pennlive,Yuzu-miso glazed asparagus tart,https://www.pennlive.com/nytcooking/2026/05/777581596-yuzu-miso-glazed-asparagus-tart.html,"Tue, 12 May 2026 16:54:51 +0000","This yuzu-miso glazed asparagus tart combines tangy, floral notes with crisp puff pastry and feta, making it a deliciously unique and visually stunning dish perfect for easy weeknight meals."
njcom,Yuzu-miso glazed asparagus tart,https://www.nj.com/nytcooking/2026/05/777581596-yuzu-miso-glazed-asparagus-tart.html,"Tue, 12 May 2026 16:54:51 +0000","This yuzu-miso glazed asparagus tart combines tangy, floral notes with crisp puff pastry and feta, making it a deliciously unique and visually stunning dish perfect for easy weeknight meals."
clevelanddotcom,Yuzu-miso glazed asparagus tart,https://www.cleveland.com/nytcooking/2026/05/777581596-yuzu-miso-glazed-asparagus-tart.html,"Tue, 12 May 2026 16:54:51 +0000","This yuzu-miso glazed asparagus tart combines tangy, floral notes with crisp puff pastry and feta, making it a deliciously unique and visually stunning dish perfect for easy weeknight meals."
syracuse,Yuzu-miso glazed asparagus tart,https://www.syracuse.com/nytcooking/2026/05/777581596-yuzu-miso-glazed-asparagus-tart.html,"Tue, 12 May 2026 16:54:51 +0000","This yuzu-miso glazed asparagus tart combines tangy, floral notes with crisp puff pastry and feta, making it a deliciously unique and visually stunning dish perfect for easy weeknight meals."
alcom,Yuzu-miso glazed asparagus tart,https://www.al.com/nytcooking/2026/05/777581596-yuzu-miso-glazed-asparagus-tart.html,"Tue, 12 May 2026 16:54:51 +0000","This yuzu-miso glazed asparagus tart combines tangy, floral notes with crisp puff pastry and feta, making it a deliciously unique and visually stunning dish perfect for easy weeknight meals."
lehighvalley,Yuzu-miso glazed asparagus tart,https://www.lehighvalleylive.com/nytcooking/2026/05/777581596-yuzu-miso-glazed-asparagus-tart.html,"Tue, 12 May 2026 16:54:51 +0000","This yuzu-miso glazed asparagus tart combines tangy, floral notes with crisp puff pastry and feta, making it a deliciously unique and visually stunning dish perfect for easy weeknight meals."
silive,Yuzu-miso glazed asparagus tart,https://www.silive.com/nytcooking/2026/05/777581596-yuzu-miso-glazed-asparagus-tart.html,"Tue, 12 May 2026 16:54:51 +0000","This yuzu-miso glazed asparagus tart combines tangy, floral notes with crisp puff pastry and feta, making it a deliciously unique and visually stunning dish perfect for easy weeknight meals."
masslive,Yuzu-miso glazed asparagus tart,https://www.masslive.com/nytcooking/2026/05/777581596-yuzu-miso-glazed-asparagus-tart.html,"Tue, 12 May 2026 16:54:51 +0000","This yuzu-miso glazed asparagus tart combines tangy, floral notes with crisp puff pastry and feta, making it a deliciously unique and visually stunning dish perfect for easy weeknight meals."
oregonlive,Yuzu-miso glazed asparagus tart,https://www.oregonlive.com/nytcooking/2026/05/777581596-yuzu-miso-glazed-asparagus-tart.html,"Tue, 12 May 2026 16:54:51 +0000","This yuzu-miso glazed asparagus tart combines tangy, floral notes with crisp puff pastry and feta, making it a deliciously unique and visually stunning dish perfect for easy weeknight meals."
alcom,Asparagus and sausage pasta,https://www.al.com/nytcooking/2026/05/777913309-asparagus-and-sausage-pasta.html,"Tue, 12 May 2026 16:54:48 +0000","This vibrant asparagus and sausage pasta combines the richness of Italian sausage with fresh spring vegetables, lemon zest, and basil for a delightful, silky dish perfect for transitional seasons."
lehighvalley,Asparagus and sausage pasta,https://www.lehighvalleylive.com/nytcooking/2026/05/777913309-asparagus-and-sausage-pasta.html,"Tue, 12 May 2026 16:54:48 +0000","This vibrant asparagus and sausage pasta combines the richness of Italian sausage with fresh spring vegetables, lemon zest, and basil for a delightful, silky dish perfect for transitional seasons."
clevelanddotcom,Asparagus and sausage pasta,https://www.cleveland.com/nytcooking/2026/05/777913309-asparagus-and-sausage-pasta.html,"Tue, 12 May 2026 16:54:48 +0000","This vibrant asparagus and sausage pasta combines the richness of Italian sausage with fresh spring vegetables, lemon zest, and basil for a delightful, silky dish perfect for transitional seasons."
pennlive,Asparagus and sausage pasta,https://www.pennlive.com/nytcooking/2026/05/777913309-asparagus-and-sausage-pasta.html,"Tue, 12 May 2026 16:54:48 +0000","This vibrant asparagus and sausage pasta combines the richness of Italian sausage with fresh spring vegetables, lemon zest, and basil for a delightful, silky dish perfect for transitional seasons."
oregonlive,Asparagus and sausage pasta,https://www.oregonlive.com/nytcooking/2026/05/777913309-asparagus-and-sausage-pasta.html,"Tue, 12 May 2026 16:54:48 +0000","This vibrant asparagus and sausage pasta combines the richness of Italian sausage with fresh spring vegetables, lemon zest, and basil for a delightful, silky dish perfect for transitional seasons."
silive,Asparagus and sausage pasta,https://www.silive.com/nytcooking/2026/05/777913309-asparagus-and-sausage-pasta.html,"Tue, 12 May 2026 16:54:48 +0000","This vibrant asparagus and sausage pasta combines the richness of Italian sausage with fresh spring vegetables, lemon zest, and basil for a delightful, silky dish perfect for transitional seasons."
masslive,Asparagus and sausage pasta,https://www.masslive.com/nytcooking/2026/05/777913309-asparagus-and-sausage-pasta.html,"Tue, 12 May 2026 16:54:48 +0000","This vibrant asparagus and sausage pasta combines the richness of Italian sausage with fresh spring vegetables, lemon zest, and basil for a delightful, silky dish perfect for transitional seasons."
syracuse,Asparagus and sausage pasta,https://www.syracuse.com/nytcooking/2026/05/777913309-asparagus-and-sausage-pasta.html,"Tue, 12 May 2026 16:54:48 +0000","This vibrant asparagus and sausage pasta combines the richness of Italian sausage with fresh spring vegetables, lemon zest, and basil for a delightful, silky dish perfect for transitional seasons."
njcom,Asparagus and sausage pasta,https://www.nj.com/nytcooking/2026/05/777913309-asparagus-and-sausage-pasta.html,"Tue, 12 May 2026 16:54:48 +0000","This vibrant asparagus and sausage pasta combines the richness of Italian sausage with fresh spring vegetables, lemon zest, and basil for a delightful, silky dish perfect for transitional seasons."
mlive,Asparagus and sausage pasta,https://www.mlive.com/nytcooking/2026/05/777913309-asparagus-and-sausage-pasta.html,"Tue, 12 May 2026 16:54:48 +0000","This vibrant asparagus and sausage pasta combines the richness of Italian sausage with fresh spring vegetables, lemon zest, and basil for a delightful, silky dish perfect for transitional seasons."
clevelanddotcom,Pickled beets and eggs,https://www.cleveland.com/nytcooking/2026/05/778098217-pickled-beets-and-eggs.html,"Tue, 12 May 2026 16:54:45 +0000","This vibrant dish combines the tangy flavors of pickled beets and eggs, drawing inspiration from Greek, Turkish, and Pennsylvania Dutch traditions, perfect for a colorful and flavorful appetizer."
oregonlive,Pickled beets and eggs,https://www.oregonlive.com/nytcooking/2026/05/778098217-pickled-beets-and-eggs.html,"Tue, 12 May 2026 16:54:45 +0000","This vibrant dish combines the tangy flavors of pickled beets and eggs, drawing inspiration from Greek, Turkish, and Pennsylvania Dutch traditions, perfect for a colorful and flavorful appetizer."
njcom,Pickled beets and eggs,https://www.nj.com/nytcooking/2026/05/778098217-pickled-beets-and-eggs.html,"Tue, 12 May 2026 16:54:45 +0000","This vibrant dish combines the tangy flavors of pickled beets and eggs, drawing inspiration from Greek, Turkish, and Pennsylvania Dutch traditions, perfect for a colorful and flavorful appetizer."
mlive,Pickled beets and eggs,https://www.mlive.com/nytcooking/2026/05/778098217-pickled-beets-and-eggs.html,"Tue, 12 May 2026 16:54:45 +0000","This vibrant dish combines the tangy flavors of pickled beets and eggs, drawing inspiration from Greek, Turkish, and Pennsylvania Dutch traditions, perfect for a colorful and flavorful appetizer."
alcom,Pickled beets and eggs,https://www.al.com/nytcooking/2026/05/778098217-pickled-beets-and-eggs.html,"Tue, 12 May 2026 16:54:45 +0000","This vibrant dish combines the tangy flavors of pickled beets and eggs, drawing inspiration from Greek, Turkish, and Pennsylvania Dutch traditions, perfect for a colorful and flavorful appetizer."
silive,Pickled beets and eggs,https://www.silive.com/nytcooking/2026/05/778098217-pickled-beets-and-eggs.html,"Tue, 12 May 2026 16:54:45 +0000","This vibrant dish combines the tangy flavors of pickled beets and eggs, drawing inspiration from Greek, Turkish, and Pennsylvania Dutch traditions, perfect for a colorful and flavorful appetizer."
masslive,Pickled beets and eggs,https://www.masslive.com/nytcooking/2026/05/778098217-pickled-beets-and-eggs.html,"Tue, 12 May 2026 16:54:45 +0000","This vibrant dish combines the tangy flavors of pickled beets and eggs, drawing inspiration from Greek, Turkish, and Pennsylvania Dutch traditions, perfect for a colorful and flavorful appetizer."
syracuse,Pickled beets and eggs,https://www.syracuse.com/nytcooking/2026/05/778098217-pickled-beets-and-eggs.html,"Tue, 12 May 2026 16:54:45 +0000","This vibrant dish combines the tangy flavors of pickled beets and eggs, drawing inspiration from Greek, Turkish, and Pennsylvania Dutch traditions, perfect for a colorful and flavorful appetizer."
lehighvalley,Pickled beets and eggs,https://www.lehighvalleylive.com/nytcooking/2026/05/778098217-pickled-beets-and-eggs.html,"Tue, 12 May 2026 16:54:45 +0000","This vibrant dish combines the tangy flavors of pickled beets and eggs, drawing inspiration from Greek, Turkish, and Pennsylvania Dutch traditions, perfect for a colorful and flavorful appetizer."
pennlive,Pickled beets and eggs,https://www.pennlive.com/nytcooking/2026/05/778098217-pickled-beets-and-eggs.html,"Tue, 12 May 2026 16:54:45 +0000","This vibrant dish combines the tangy flavors of pickled beets and eggs, drawing inspiration from Greek, Turkish, and Pennsylvania Dutch traditions, perfect for a colorful and flavorful appetizer."
lehighvalley,Chard and ricotta pie,https://www.lehighvalleylive.com/nytcooking/2026/05/778099569-chard-and-ricotta-pie.html,"Tue, 12 May 2026 16:54:41 +0000","Enjoy a delightful chard and ricotta pie with a savory filling reminiscent of spanakopita, perfect for picnics and equally delicious warm or at room temperature."
pennlive,Chard and ricotta pie,https://www.pennlive.com/nytcooking/2026/05/778099569-chard-and-ricotta-pie.html,"Tue, 12 May 2026 16:54:41 +0000","Enjoy a delightful chard and ricotta pie with a savory filling reminiscent of spanakopita, perfect for picnics and equally delicious warm or at room temperature."
silive,Chard and ricotta pie,https://www.silive.com/nytcooking/2026/05/778099569-chard-and-ricotta-pie.html,"Tue, 12 May 2026 16:54:41 +0000","Enjoy a delightful chard and ricotta pie with a savory filling reminiscent of spanakopita, perfect for picnics and equally delicious warm or at room temperature."
masslive,Chard and ricotta pie,https://www.masslive.com/nytcooking/2026/05/778099569-chard-and-ricotta-pie.html,"Tue, 12 May 2026 16:54:41 +0000","Enjoy a delightful chard and ricotta pie with a savory filling reminiscent of spanakopita, perfect for picnics and equally delicious warm or at room temperature."
syracuse,Chard and ricotta pie,https://www.syracuse.com/nytcooking/2026/05/778099569-chard-and-ricotta-pie.html,"Tue, 12 May 2026 16:54:41 +0000","Enjoy a delightful chard and ricotta pie with a savory filling reminiscent of spanakopita, perfect for picnics and equally delicious warm or at room temperature."
mlive,Chard and ricotta pie,https://www.mlive.com/nytcooking/2026/05/778099569-chard-and-ricotta-pie.html,"Tue, 12 May 2026 16:54:41 +0000","Enjoy a delightful chard and ricotta pie with a savory filling reminiscent of spanakopita, perfect for picnics and equally delicious warm or at room temperature."
alcom,Chard and ricotta pie,https://www.al.com/nytcooking/2026/05/778099569-chard-and-ricotta-pie.html,"Tue, 12 May 2026 16:54:41 +0000","Enjoy a delightful chard and ricotta pie with a savory filling reminiscent of spanakopita, perfect for picnics and equally delicious warm or at room temperature."
clevelanddotcom,Chard and ricotta pie,https://www.cleveland.com/nytcooking/2026/05/778099569-chard-and-ricotta-pie.html,"Tue, 12 May 2026 16:54:41 +0000","Enjoy a delightful chard and ricotta pie with a savory filling reminiscent of spanakopita, perfect for picnics and equally delicious warm or at room temperature."
oregonlive,Chard and ricotta pie,https://www.oregonlive.com/nytcooking/2026/05/778099569-chard-and-ricotta-pie.html,"Tue, 12 May 2026 16:54:41 +0000","Enjoy a delightful chard and ricotta pie with a savory filling reminiscent of spanakopita, perfect for picnics and equally delicious warm or at room temperature."
njcom,Chard and ricotta pie,https://www.nj.com/nytcooking/2026/05/778099569-chard-and-ricotta-pie.html,"Tue, 12 May 2026 16:54:41 +0000","Enjoy a delightful chard and ricotta pie with a savory filling reminiscent of spanakopita, perfect for picnics and equally delicious warm or at room temperature."
lehighvalley,Spiced walnut truffles,https://www.lehighvalleylive.com/nytcooking/2026/05/778101323-spiced-walnut-truffles.html,"Tue, 12 May 2026 16:54:37 +0000","These Greek-inspired spiced walnut truffles blend ground walnuts, coconut, and warm spices for a subtly sweet treat, finished with a coating of coconut flakes and a dusting of cocoa powder."
syracuse,Spiced walnut truffles,https://www.syracuse.com/nytcooking/2026/05/778101323-spiced-walnut-truffles.html,"Tue, 12 May 2026 16:54:37 +0000","These Greek-inspired spiced walnut truffles blend ground walnuts, coconut, and warm spices for a subtly sweet treat, finished with a coating of coconut flakes and a dusting of cocoa powder."
mlive,Spiced walnut truffles,https://www.mlive.com/nytcooking/2026/05/778101323-spiced-walnut-truffles.html,"Tue, 12 May 2026 16:54:37 +0000","These Greek-inspired spiced walnut truffles blend ground walnuts, coconut, and warm spices for a subtly sweet treat, finished with a coating of coconut flakes and a dusting of cocoa powder."
clevelanddotcom,Spiced walnut truffles,https://www.cleveland.com/nytcooking/2026/05/778101323-spiced-walnut-truffles.html,"Tue, 12 May 2026 16:54:37 +0000","These Greek-inspired spiced walnut truffles blend ground walnuts, coconut, and warm spices for a subtly sweet treat, finished with a coating of coconut flakes and a dusting of cocoa powder."
pennlive,Spiced walnut truffles,https://www.pennlive.com/nytcooking/2026/05/778101323-spiced-walnut-truffles.html,"Tue, 12 May 2026 16:54:37 +0000","These Greek-inspired spiced walnut truffles blend ground walnuts, coconut, and warm spices for a subtly sweet treat, finished with a coating of coconut flakes and a dusting of cocoa powder."
oregonlive,Spiced walnut truffles,https://www.oregonlive.com/nytcooking/2026/05/778101323-spiced-walnut-truffles.html,"Tue, 12 May 2026 16:54:37 +0000","These Greek-inspired spiced walnut truffles blend ground walnuts, coconut, and warm spices for a subtly sweet treat, finished with a coating of coconut flakes and a dusting of cocoa powder."
njcom,Spiced walnut truffles,https://www.nj.com/nytcooking/2026/05/778101323-spiced-walnut-truffles.html,"Tue, 12 May 2026 16:54:37 +0000","These Greek-inspired spiced walnut truffles blend ground walnuts, coconut, and warm spices for a subtly sweet treat, finished with a coating of coconut flakes and a dusting of cocoa powder."
masslive,Spiced walnut truffles,https://www.masslive.com/nytcooking/2026/05/778101323-spiced-walnut-truffles.html,"Tue, 12 May 2026 16:54:37 +0000","These Greek-inspired spiced walnut truffles blend ground walnuts, coconut, and warm spices for a subtly sweet treat, finished with a coating of coconut flakes and a dusting of cocoa powder."
silive,Spiced walnut truffles,https://www.silive.com/nytcooking/2026/05/778101323-spiced-walnut-truffles.html,"Tue, 12 May 2026 16:54:37 +0000","These Greek-inspired spiced walnut truffles blend ground walnuts, coconut, and warm spices for a subtly sweet treat, finished with a coating of coconut flakes and a dusting of cocoa powder."
alcom,Spiced walnut truffles,https://www.al.com/nytcooking/2026/05/778101323-spiced-walnut-truffles.html,"Tue, 12 May 2026 16:54:37 +0000","These Greek-inspired spiced walnut truffles blend ground walnuts, coconut, and warm spices for a subtly sweet treat, finished with a coating of coconut flakes and a dusting of cocoa powder."
masslive,Cream cheese ramen,https://www.masslive.com/nytcooking/2026/05/777655304-cream-cheese-ramen.html,"Tue, 12 May 2026 16:54:33 +0000","Transform instant ramen into a creamy, comforting dish by ditching the soup packet and using cream cheese, butter, and Parmesan for a luscious sauce that elevates your noodle game in just nine minutes."
silive,Cream cheese ramen,https://www.silive.com/nytcooking/2026/05/777655304-cream-cheese-ramen.html,"Tue, 12 May 2026 16:54:33 +0000","Transform instant ramen into a creamy, comforting dish by ditching the soup packet and using cream cheese, butter, and Parmesan for a luscious sauce that elevates your noodle game in just nine minutes."
syracuse,Cream cheese ramen,https://www.syracuse.com/nytcooking/2026/05/777655304-cream-cheese-ramen.html,"Tue, 12 May 2026 16:54:33 +0000","Transform instant ramen into a creamy, comforting dish by ditching the soup packet and using cream cheese, butter, and Parmesan for a luscious sauce that elevates your noodle game in just nine minutes."
njcom,Cream cheese ramen,https://www.nj.com/nytcooking/2026/05/777655304-cream-cheese-ramen.html,"Tue, 12 May 2026 16:54:33 +0000","Transform instant ramen into a creamy, comforting dish by ditching the soup packet and using cream cheese, butter, and Parmesan for a luscious sauce that elevates your noodle game in just nine minutes."
oregonlive,Cream cheese ramen,https://www.oregonlive.com/nytcooking/2026/05/777655304-cream-cheese-ramen.html,"Tue, 12 May 2026 16:54:33 +0000","Transform instant ramen into a creamy, comforting dish by ditching the soup packet and using cream cheese, butter, and Parmesan for a luscious sauce that elevates your noodle game in just nine minutes."
mlive,Cream cheese ramen,https://www.mlive.com/nytcooking/2026/05/777655304-cream-cheese-ramen.html,"Tue, 12 May 2026 16:54:33 +0000","Transform instant ramen into a creamy, comforting dish by ditching the soup packet and using cream cheese, butter, and Parmesan for a luscious sauce that elevates your noodle game in just nine minutes."
alcom,Cream cheese ramen,https://www.al.com/nytcooking/2026/05/777655304-cream-cheese-ramen.html,"Tue, 12 May 2026 16:54:33 +0000","Transform instant ramen into a creamy, comforting dish by ditching the soup packet and using cream cheese, butter, and Parmesan for a luscious sauce that elevates your noodle game in just nine minutes."
lehighvalley,Cream cheese ramen,https://www.lehighvalleylive.com/nytcooking/2026/05/777655304-cream-cheese-ramen.html,"Tue, 12 May 2026 16:54:33 +0000","Transform instant ramen into a creamy, comforting dish by ditching the soup packet and using cream cheese, butter, and Parmesan for a luscious sauce that elevates your noodle game in just nine minutes."
clevelanddotcom,Cream cheese ramen,https://www.cleveland.com/nytcooking/2026/05/777655304-cream-cheese-ramen.html,"Tue, 12 May 2026 16:54:33 +0000","Transform instant ramen into a creamy, comforting dish by ditching the soup packet and using cream cheese, butter, and Parmesan for a luscious sauce that elevates your noodle game in just nine minutes."
pennlive,Cream cheese ramen,https://www.pennlive.com/nytcooking/2026/05/777655304-cream-cheese-ramen.html,"Tue, 12 May 2026 16:54:33 +0000","Transform instant ramen into a creamy, comforting dish by ditching the soup packet and using cream cheese, butter, and Parmesan for a luscious sauce that elevates your noodle game in just nine minutes."
clevelanddotcom,Why Charlie Coyle re-signed with the Blue Jackets instead of testing free agency,https://www.cleveland.com/blue-jackets/2026/05/why-charlie-coyle-re-signed-with-the-blue-jackets-instead-of-testing-free-agency.html,"Tue, 12 May 2026 16:54:09 +0000","The 20-goal scorer turned down the open market to commit long-term to the Blue Jackets, praising the roster depth and Rick Bowness's coaching impact."
mlive,Michigan learns Big Ten basketball opponents as rivalries are protected,https://www.mlive.com/wolverines/basketball/2026/05/michigan-learns-big-ten-basketball-opponents-as-rivalries-are-protected.html,"Tue, 12 May 2026 16:53:25 +0000","Big Ten men's basketball announced conference matchups for the 2026-27 season, with the Wolverines learning their opponents to defend their title."
clevelanddotcom,How to get Hayley Williams LA ticket deals to sold out Oct. 5-6 concerts,https://www.cleveland.com/live-entertainment/2026/05/how-to-get-hayley-williams-la-ticket-deals-to-sold-out-oct-5-6-concerts.html,"Tue, 12 May 2026 16:53:16 +0000",“The Hayley Williams Show” headlines the Hollywood Bowl on Oct. 5–6 and both dates are already sold out. Find out the best ways to still get tickets to the concerts through reliable sources.
syracuse,New Section III team mentioned in latest high school flag football state rankings,https://www.syracuse.com/highschoolsports/2026/05/new-section-iii-team-mentioned-in-latest-high-school-flag-football-state-rankings.html,"Tue, 12 May 2026 16:52:27 +0000",The NYSSWA will release state rankings every Monday throughout the season.
mlive,"The Weeknd ‘After Hours Til Dawn Tour’ heads to Asia, how to get tickets to the final leg",https://www.mlive.com/live-entertainment/2026/05/the-weeknd-after-hours-til-dawn-tour-heads-to-asia-how-to-get-tickets-to-the-final-leg.html,"Tue, 12 May 2026 16:51:36 +0000",The Weeknd’s massive Live Nation stadium tour comes to a close later this year following one last round of performances in Asia.
masslive,This Ooni pizza oven cooks pizza in 60 seconds & it’s on sale for $100 off this week,https://www.masslive.com/shopping-deals/2026/05/this-ooni-pizza-oven-cooks-pizza-in-60-seconds-its-on-sale-for-100-off-this-week.html,"Tue, 12 May 2026 16:50:51 +0000","The Ooni Karu 12 portable pizza oven, now $100 off, quickly cooks 12-inch pizzas and is praised for its design and high heat."
syracuse,Rihanna’s new scribble tattoo ‘designed by her babies’ divides fans : ‘Thought it would be cuter’,https://www.syracuse.com/entertainment/2026/05/rihannas-new-scribble-tattoo-designed-by-her-babies-divides-fans-thought-it-would-be-cuter.html,"Tue, 12 May 2026 16:50:23 +0000",The Fenty Beauty founder recently got her children’s colorful marker scribbles permanently inked to her body.
clevelanddotcom,Bipartisan bill seeks to give sexual assault survivors five years to file civil lawsuits instead of one,https://www.cleveland.com/news/2026/05/bipartisan-bill-seeks-to-give-sexual-assault-survivors-five-years-to-file-civil-lawsuits-instead-of-one.html,"Tue, 12 May 2026 16:49:10 +0000","Under current Ohio law, adults who allege they were sexually assaulted generally have one year from the date of the offense to file a civil lawsuit"
silive,"Beloved national diner chain in business 60 years, shutters 50 stores, updates menu",https://www.silive.com/business/2026/05/beloved-national-diner-chain-in-business-60-years-shutters-50-stores-updates-menu.html,"Tue, 12 May 2026 16:48:25 +0000",Fans of the diner will have fewer locations to stop at this year.
masslive,Full List: PVIAC All-League boys basketball teams revealed for 2025-26 season,https://www.masslive.com/highschoolsports/2026/05/full-list-pviac-all-league-boys-basketball-teams-revealed-for-2025-26-season.html,"Tue, 12 May 2026 16:47:28 +0000",All-league selections across Western Massachusetts were announced this week in boys basketball.
masslive,Full List: PVIAC All-League girls basketball teams revealed for 2025-26 season,https://www.masslive.com/highschoolsports/2026/05/full-list-pviac-all-league-girls-basketball-teams-revealed-for-2025-26-season.html,"Tue, 12 May 2026 16:47:21 +0000",All-league selections across Western Massachusetts were announced this week in girls basketball.
njcom,Is McLuck Casino legit? Honest review right now,https://www.nj.com/sweepstakes/2026/05/is-mcluck-casino-legit-honest-review-right-now.html,"Tue, 12 May 2026 16:46:00 +0000","Is McLuck Casino legit right now in May 2026? This review covers its legitimacy, payouts, games, bonuses and overall trust factors so you know what to expect."
masslive,MIAA Power Rankings: See where girls lacrosse programs stand in 5th release,https://www.masslive.com/highschoolsports/2026/05/miaa-power-rankings-see-where-girls-lacrosse-programs-stand-in-5th-release.html,"Tue, 12 May 2026 16:45:46 +0000",The MIAA released its fifth set of power rankings on Tuesday.
clevelanddotcom,Hearing on proposed 143-home housing development in Valley City set for Tuesday,https://www.cleveland.com/news/2026/05/hearing-on-proposed-143-home-housing-development-in-valley-city-set-for-tuesday.html,"Tue, 12 May 2026 16:41:44 +0000","Liverpool Township's Board of Zoning Appeals will consider Valley Ridge Estates, a 143-home proposal on 172 acres near downtown. The public hearing begins at 7 p.m. at township offices on School Street."
clevelanddotcom,Brunswick fishing derby hooks more young anglers,https://www.cleveland.com/community/2026/05/optimist-club-of-brunswicks-2026-fishing-derby-hooks-more-young-anglers.html,"Tue, 12 May 2026 16:39:27 +0000","In spite of potentially sketchy weather early on, the Optimist Club of Brunswick's annual Youth Fishing Derby at Brunswick Lake was another resounding success."
silive,65-year-old Staten Island man charged after NYPD finds gun in Oakwood raid,https://www.silive.com/crime-safety/2026/05/65-year-old-staten-island-man-charged-after-nypd-finds-gun-in-oakwood-raid.html,"Tue, 12 May 2026 16:39:12 +0000","James Russo, 65, was arrested after police found an unlicensed handgun in his Oakwood home following a threat investigation."
alcom,Le Creuset just launched the cutest fruit-shaped mini cocottes,https://www.al.com/shopping/2026/05/le-creuset-just-launched-the-cutest-fruit-shaped-mini-cocottes.html,"Tue, 12 May 2026 16:38:44 +0000","Le Creuset has introduced new peach, blueberry and strawberry mini cocottes made from its signature glazed stoneware."
masslive,Top baby names of 2025: See what names are trending,https://www.masslive.com/news/2026/05/top-baby-names-of-2025-see-what-names-are-trending.html,"Tue, 12 May 2026 16:37:53 +0000","One baby name was so popular last year, it made the list twice."
masslive,NBA Mock Draft 2026: Projecting who Celtics could take with 2 picks,https://www.masslive.com/celtics/2026/05/nba-mock-draft-2026-projecting-who-celtics-could-take-with-2-picks.html,"Tue, 12 May 2026 16:36:46 +0000","The Celtics have a pair of picks ahead of the 2026 NBA Draft, which doesn't take place until June 23-24."
clevelanddotcom,Blues Legend Buddy Guy bringing the blues to the Northfield Park Racino in October,https://www.cleveland.com/entertainment/2026/05/blues-legend-buddy-guy-bringing-the-blues-to-the-northfield-park-racino-in-october.html,"Tue, 12 May 2026 16:36:28 +0000","The Blues icon, who turns 90 in July, is still on the road spreading the word about the blues with a show at the casino."
lehighvalley,8th-seeded Lehighton reaches Colonial League baseball final by blanking Northwestern for 3rd time,https://www.lehighvalleylive.com/highschoolsports/2026/05/eighth-seeded-lehighton-reaches-colonial-league-baseball-final-by-blanking-northwestern-for-3rd-time.html,"Tue, 12 May 2026 16:34:48 +0000",Lehighton advances to meet second-seeded Southern Lehigh on Thursday.
alcom,Huntsville restaurant closes last location: ‘My heart is so heavy’,https://www.al.com/life/2026/05/huntsville-restaurant-closes-last-location-my-heart-is-so-heavy.html,"Tue, 12 May 2026 16:34:44 +0000",Tom Brown’s Restaurant opened in south Huntsville in 2023. The original location in Madison opened 2020 and closed  2025.
newyorkupstate,Bills fans are getting sticker shock trying to buy tickets to the new Highmark Stadium home opener,https://www.newyorkupstate.com/buffalo-bills/2026/05/buffalo-bills-fans-are-getting-sticker-shock-trying-to-buy-tickets-to-the-new-highmark-stadium-home-opener.html,"Tue, 12 May 2026 16:34:27 +0000","The cheapest seat for Buffalo's Thursday Night Football matchup against Detroit costs $685, while VIP Founders Club tickets are listed at an astonishing $14,790 on the resale market."
syracuse,Bills fans are getting sticker shock trying to buy tickets to the new Highmark Stadium home opener,https://www.syracuse.com/buffalo-bills/2026/05/buffalo-bills-fans-are-getting-sticker-shock-trying-to-buy-tickets-to-the-new-highmark-stadium-home-opener.html,"Tue, 12 May 2026 16:34:27 +0000","The cheapest seat for Buffalo's Thursday Night Football matchup against Detroit costs $685, while VIP Founders Club tickets are listed at an astonishing $14,790 on the resale market."
silive,Town outside NYC scraps planned AI data center after chaotic meeting ended with call to police,https://www.silive.com/nation/2026/05/town-outside-nyc-scraps-planned-ai-data-center-after-chaotic-meeting-ended-with-call-to-police.html,"Tue, 12 May 2026 16:34:00 +0000","The township will ban all data centers after weeks of heated community opposition and a chaotic public meeting, the mayor says."
njcom,Colonial Conference softball season stat leaders for May 12,https://www.nj.com/highschoolsports/2026/05/colonial-conference-softball-season-stat-leaders-for-may-12.html,"Tue, 12 May 2026 16:33:56 +0000",Check out the top softball performers in the Colonial Conference this season.
pennlive,"Singer, bassist coming to Pa. splits from band: ‘Kind of a no-brainer’",https://www.pennlive.com/life/2026/05/singer-bassist-coming-to-pa-splits-from-band-kind-of-a-no-brainer.html,"Tue, 12 May 2026 16:33:21 +0000","Jonny Reeves left Kingdom of Giants to join The Amity Affliction, citing schedule conflicts and career goals."
masslive,MIAA Power Rankings: See where boys tennis programs stand in 5th release,https://www.masslive.com/highschoolsports/2026/05/miaa-power-rankings-see-where-boys-tennis-programs-stand-in-5th-release.html,"Tue, 12 May 2026 16:31:13 +0000",The MIAA released its fifth set of power rankings on Tuesday.
syracuse,"We found four secret Owala water bottles, but you can only get it at this one location",https://www.syracuse.com/shopping/2026/05/we-found-four-secret-owala-water-bottles-but-you-can-only-get-it-at-this-one-location.html,"Tue, 12 May 2026 16:30:00 +0000","Owala water bottles are the item to have this summer, and for good reason. The bottles are cute, trendy, and don’t leak."
njcom,"N.J. track & field sectionals FAQ, 2026: How to qualify for groups and what to know",https://www.nj.com/highschoolsports/2026/05/nj-track-field-sectionals-faq-2026-how-to-qualify-for-groups-and-what-to-know.html,"Tue, 12 May 2026 16:30:00 +0000",Here is everything you need to know before attending Friday and Saturday's sectional meets.
mlive,Michigan State basketball’s Big Ten opponents announced,https://www.mlive.com/spartans/basketball/2026/05/michigan-state-basketballs-big-ten-opponents-announced.html,"Tue, 12 May 2026 16:29:08 +0000",The Spartans know who they'll be playing at home and on the road.
njcom,Trump just backed a major move to counter soaring gas prices. Here’s what to know.,https://www.nj.com/politics/2026/05/trump-just-backed-a-major-move-to-counter-soaring-gas-prices-heres-what-to-know.html,"Tue, 12 May 2026 16:28:45 +0000","Amid surging pump prices and dismal approval numbers, President Trump said he'll support a temporary measure to lower gas costs by ""a small percentage."""
masslive,Canucks close to naming GM; Bruins exec one of two finalists,https://www.masslive.com/bruins/2026/05/canucks-close-to-naming-gm-bruins-exec-remains-finalist.html,"Tue, 12 May 2026 16:27:57 +0000","The Vancouver Canucks are in the final stages of finding a new general manager, and a Bruins exec remains in the running."
clevelanddotcom,Best outfielders in Ohio high school baseball in 2026,https://www.cleveland.com/highschoolsports/2026/05/best-outfielders-in-ohio-high-school-baseball-in-2026.html,"Tue, 12 May 2026 16:27:12 +0000",These 20 outfielders have dominated at the plate and in the field this spring.
clevelanddotcom,Three plead guilty in $93K scam targeting elderly Willoughby woman,https://www.cleveland.com/lake-county/2026/05/three-plead-guilty-in-93k-scam-targeting-elderly-willoughby-woman.html,"Tue, 12 May 2026 16:26:55 +0000","The defendants face sentencing in June after FBI and police conducted a sting operation using fake currency, while a fourth suspect remains jailed on $250,000 bond."
lehighvalley,"See all residential properties sold in Lehigh County, April 27 to May 3",https://www.lehighvalleylive.com/realestate-news/2026/05/see-all-residential-properties-sold-in-lehigh-county-april-27-to-may-3.html,"Tue, 12 May 2026 16:26:38 +0000","The following is a listing of all residential property transfers in Lehigh County reported during the week of April 27. There were 85 transactions posted during this time. During this period, the median sale for the area was a 980-square-foot property on Greenview Drive in Bethlehem that sold for $339,900."
njcom,"What $350,000 or less gets you in Cape May County, April 27 to May 3",https://www.nj.com/realestate-news/2026/05/what-350000-or-less-gets-you-in-cape-may-county-april-27-to-may-3.html,"Tue, 12 May 2026 16:26:38 +0000","For prospective homebuyers eyeing the real estate market in the area of Cape May County, here's what sold for $350,000 or under during the week of April 27 to May 3."
mlive,"Southern convenience store chain files for bankruptcy, future of 20 locations unclear",https://www.mlive.com/business/2026/05/southern-convenience-store-chain-files-for-bankruptcy-future-of-20-locations-unclear.html,"Tue, 12 May 2026 16:26:35 +0000","The stores operate under several different names including Woodward Mart, Leeds Mart and Express Mart."
alcom,‘God Bless Donald Trump’: President puts his face on $100 bill in social media troll post,https://www.al.com/politics/2026/05/god-bless-donald-trump-president-puts-his-face-on-100-bill-in-social-media-troll-post.html,"Tue, 12 May 2026 16:26:32 +0000","""If your grandpa acted like this online, the family would already be planning an intervention."""
pennlive,This new reality show uses snakes and megaphones to remove squatters from people’s homes,https://www.pennlive.com/tv/2026/05/this-new-reality-show-uses-snakes-and-megaphones-to-remove-squatters-from-peoples-homes.html,"Tue, 12 May 2026 16:25:01 +0000",A&amp;E’s 'Squatters' follows Flash Shelton as he helps homeowners reclaim property from squatters using bold tactics and real-time confrontations.
lehighvalley,This new reality show uses snakes and megaphones to remove squatters from people’s homes,https://www.lehighvalleylive.com/tv/2026/05/this-new-reality-show-uses-snakes-and-megaphones-to-remove-squatters-from-peoples-homes.html,"Tue, 12 May 2026 16:25:01 +0000",A&amp;E’s 'Squatters' follows Flash Shelton as he helps homeowners reclaim property from squatters using bold tactics and real-time confrontations.
mlive,PHOTOS: Goodrich celebrates with ‘At Last We See The Light’ theme prom,https://www.mlive.com/news/flint/2026/05/photos-goodrich-celebrates-with-at-last-we-see-the-light-theme-prom.html,"Tue, 12 May 2026 16:25:00 +0000",High fashion was on full display as students arrived in style ahead of the 2026 prom.
masslive,MIAA Power Rankings: See where girls tennis programs stand in 5th release,https://www.masslive.com/highschoolsports/2026/05/miaa-power-rankings-see-where-girls-tennis-programs-stand-in-5th-release.html,"Tue, 12 May 2026 16:23:17 +0000",The MIAA released its fifth set of power rankings on Tuesday.
silive,Ninja’s highly rated woodfire outdoor grill is marked down $100 at Target,https://www.silive.com/shopping-deals/2026/05/ninjas-highly-rated-woodfire-outdoor-grill-is-marked-down-100-at-target.html,"Tue, 12 May 2026 16:22:40 +0000",The grill and smoker combo is powered by electricity and flavored by wood pellets.
alcom,Gov. Kay Ivey calls second Alabama primary election in wake of Supreme Court ruling,https://www.al.com/politics/2026/05/gov-kay-ivey-calls-second-alabama-primary-election-in-wake-of-supreme-court-ruling.html,"Tue, 12 May 2026 16:21:36 +0000",The U.S. Supreme Court lifted an injunction on Alabama using a congressional district map the court had blocked three years ago.
pennlive,Central Pa. man who threatened to ‘take out’ lawyer over legal woes learns sentence,https://www.pennlive.com/crime/2026/05/central-pa-man-who-threatened-to-take-out-lawyer-over-legal-woes-learns-sentence.html,"Tue, 12 May 2026 16:21:02 +0000","The York County man threatened to kill himself and everyone involved in his case, according to court documents."
mlive,Police investigating fatal crash near Ypsilanti,https://www.mlive.com/news/ann-arbor/2026/05/police-investigating-fatal-crash-near-ypsilanti.html,"Tue, 12 May 2026 16:20:12 +0000",The crash closed part of South Hewitt Avenue.
clevelanddotcom,Former Brooklyn officer found guilty of punching restrained woman,https://www.cleveland.com/court-justice/2026/05/former-brooklyn-officer-found-guilty-of-punching-restrained-woman.html,"Tue, 12 May 2026 16:19:00 +0000",A former Brooklyn police officer pleaded no contest to assaulting a restrained woman during a September incident.
mlive,Sandin-Pellikka’s playoff ride with Griffins is a win-win situation,https://www.mlive.com/griffins/2026/05/sandin-pellikkas-playoff-ride-with-griffins-is-a-win-win-situation.html,"Tue, 12 May 2026 16:18:31 +0000",Rookie defenseman developing his game while pursuing a championship.
alcom,Still looking for TLC and Salt-N-Pepa ‘It’s Iconic Tour’ tickets? Snag last-minute ticket deals now,https://www.al.com/live-entertainment/2026/05/still-looking-for-tlc-and-salt-n-pepa-its-iconic-tour-tickets-snag-last-minute-ticket-deals-now.html,"Tue, 12 May 2026 16:17:43 +0000","Luckily for those who missed out on the initial ticket drop in March, deals to see TLC and Salt-N-Pepa throughout their coheadlining tour are still available through major secondary market sites."
clevelanddotcom,"Medina approves $225,000 for recreation center lobby upgrades",https://www.cleveland.com/news/2026/05/medina-approves-225000-for-recreation-center-lobby-upgrades.html,"Tue, 12 May 2026 16:17:35 +0000","The renovation will replace ceramic tile and cabinetry dating back to the facility's opening, with work scheduled during the Medina County Fair in August."
mlive,Bay County Track Leaders and notebook: Repeat championship is twice as nice,https://www.mlive.com/highschoolsports/2026/05/bay-county-track-leaders-and-notebook-repeat-championship-is-twice-as-nice.html,"Tue, 12 May 2026 16:15:11 +0000",Top performances for the 2026 season and news and notes from Bay County track and field scene
oregonlive,Child molestation case in Vancouver nabs fourth arrest; woman facing trafficking charge,https://www.oregonlive.com/crime/2026/05/child-molestation-case-in-vancouver-nabs-fourth-arrest-woman-facing-trafficking-charge.html,"Tue, 12 May 2026 16:15:05 +0000",Four people have been arrested in an expanding Vancouver child molestation case involving medical professionals.
mlive,Ex-Lumen Christi official pleads no contest to sex crimes,https://www.mlive.com/news/jackson/2026/05/ex-lumen-christi-official-pleads-no-contest-to-sex-crimes.html,"Tue, 12 May 2026 16:14:47 +0000","As part of the plea, one count of first-degree criminal sexual conduct will be dismissed at sentencing."
alcom,Former Benny Hinn assistant turns abandoned Alabama church into a recovery center,https://www.al.com/news/2026/05/former-benny-hinn-assistant-turns-abandoned-alabama-church-into-a-recovery-center.html,"Tue, 12 May 2026 16:14:03 +0000",The campus will offer a feeding ministry along with a counseling and recovery center.
alcom,Should Alabama Republicans push all GOP Congressional districts? ‘Let’s get to 7-0′,https://www.al.com/politics/2026/05/should-alabama-republicans-push-all-gop-congressional-districts-lets-get-to-7-0.html,"Tue, 12 May 2026 16:11:03 +0000",It’s a popular comment in an election year -- but it might also actually happen.
silive,"Staten Island mom recounts attack on son, 14: ‘This man, he came from behind’",https://www.silive.com/crime-safety/2026/05/staten-island-mom-recounts-attack-on-son-14-this-man-he-came-from-behind.html,"Tue, 12 May 2026 16:10:31 +0000",She arrived at I.S. 72 to find four police cars and an ambulance after her son was attacked on his way home from school.
alcom,"Johnson: Be careful what you ask for, Alabama",https://www.al.com/politics/2026/05/be-careful-what-you-ask-for-alabama.html,"Tue, 12 May 2026 16:10:07 +0000",Another very American revolution is already underway.
oregonlive,Is Portland ... back? This luxury travel magazine thinks so!,https://www.oregonlive.com/trending/2026/05/is-portland-back-this-luxury-travel-magazine-thinks-so.html,"Tue, 12 May 2026 16:09:37 +0000","A new Condé Nast Traveler piece declares now is the time to visit the Rose City, featuring restaurants, shops and neighborhoods across the metro."
clevelanddotcom,Brother of long-running reality competition host dies,https://www.cleveland.com/news/2026/05/brother-of-long-running-reality-competition-host-dies.html,"Tue, 12 May 2026 16:08:42 +0000","Scott Probst, brother of reality competition TV host Jeff Probst, has died."
masslive,MIAA Power Rankings: See which rugby teams are on top in 5th release,https://www.masslive.com/highschoolsports/2026/05/miaa-power-rankings-see-which-rugby-teams-are-on-top-in-5th-release.html,"Tue, 12 May 2026 16:08:11 +0000",The MIAA released its fifth set of power rankings on Tuesday.
silive,A Look Back: These 3 high school catchers were the cream of the crop at the turn of the century,https://www.silive.com/highschoolsports/2026/05/a-look-back-these-3-high-school-catchers-were-the-cream-of-the-crop-at-the-turn-of-the-century.html,"Tue, 12 May 2026 16:06:00 +0000",The backstops earned Advance All-Star status 26 years ago.
clevelanddotcom,Brunswick schools leading the way on Project Lead The Way,https://www.cleveland.com/community/2026/05/brunswick-high-school-and-middle-school-honored-for-project-lead-the-way-programs.html,"Tue, 12 May 2026 16:05:48 +0000",Brunswick High School and Brunswick Middle School were recognized this month as 2025-26 Project Lead The Way Distinguished Schools.
silive,Comfrt just slashed prices on new tie-dye sets to as low as $29 — what to shop ASAP,https://www.silive.com/shopping-deals/2026/05/comfrt-just-slashed-prices-on-new-tie-dye-sets-to-as-low-as-29-what-to-shop-asap.html,"Tue, 12 May 2026 16:05:00 +0000","If you're looking for the perfect lounge sets for summer time, you need to run to Comfrt while they have sets on sale"
silive,‘Highest-crash’ corridor: City targeting this Staten Island street for pedestrian safety upgrades,https://www.silive.com/transportation/2026/05/highest-crash-corridor-city-targeting-this-staten-island-street-for-pedestrian-safety-upgrades.html,"Tue, 12 May 2026 16:04:54 +0000",Here are highlights from the Department of Transportation proposal for 3 separate intersections.
clevelanddotcom,"The powerful reason this Northeast Ohio family donated $500,000 to a brand-new dental college",https://www.cleveland.com/metro/2026/05/the-powerful-reason-this-northeast-ohio-family-donated-500000-to-a-brand-new-dental-college.html,"Tue, 12 May 2026 16:01:40 +0000","Clarence McNair, 88, broke barriers as an African American dentist in the 1960s. His family's gift to NEOMED honors his sacrifice and ensures future students have access to transformative education."
oregonlive,"Miss Manners: My boorish dinner guests ordered dishes ‘for the table,’ then packed them up to take home",https://www.oregonlive.com/advice/2026/05/miss-manners-dishes-ordered-for-the-table-ended-up-going-home-with-these-boorish-dinner-guests.html,"Tue, 12 May 2026 16:00:00 +0000",Miss Manners: I've been getting number of letters reporting that guests are taking gross advantage of hospitality by cadging future meals.
silive,"Nordstrom Rack is slashing prices on Brooks, Mizuno, Saucony & even more running shoes",https://www.silive.com/shopping-deals/2026/05/nordstrom-rack-is-slashing-prices-on-brooks-mizuno-saucony-even-more-running-shoes.html,"Tue, 12 May 2026 16:00:00 +0000","Get your feet ready for your PBR with a new pair of running shoes from Nordstrom Rack. Score deals up to 79% off Brooks, Mizuno, Saucony and more top-rated styles."
alcom,Kalshi promo code ALCOM gives new users $10 in bonus funds for Ronda Rousey fight on Netflix this weekend,https://www.al.com/betting/2026/05/kalshi-promo-code-alcom-gives-new-users-10-in-bonus-funds-for-ronda-rousey-fight-on-netflix-this-weekend.html,"Tue, 12 May 2026 16:00:00 +0000",Ronda Rousey makes her long-awaited return to fighting this weekend when she takes on Gina Carano at the Intuit Dome. Find out how to get $10 in bonus site credit with the Kalshi promo code ALCOM.
clevelanddotcom,Miss Manners: How do I know if my reading over their shoulder is unwelcome?,https://www.cleveland.com/advice/2026/05/miss-manners-how-do-i-know-if-my-reading-over-their-shoulder-is-unwelcome.html,"Tue, 12 May 2026 16:00:00 +0000","In today's Miss Manners column, advice columnist Judith Martin responds to the common etiquette question, noting that hunched shoulders are a clear signal to stop reading immediately."
silive,"Tottenville, Staten Island Academy lax and St. Peter’s, Curtis baseball all winners",https://www.silive.com/highschoolsports/2026/05/tottenville-staten-island-academy-lax-and-st-peters-curtis-baseball-all-winners.html,"Tue, 12 May 2026 15:56:38 +0000","The Pirates, Tigers, Eagles and Warriors nabbed victories over the past few days."
clevelanddotcom,Lake Erie College announces new master’s degree program,https://www.cleveland.com/lake-county/2026/05/lake-erie-college-announces-new-masters-degree-program.html,"Tue, 12 May 2026 15:56:10 +0000","The new online program prepares graduates for athletic director roles in K-12 schools and includes coursework in Title IX compliance, risk management, and facility operations."
masslive,How does the Patriots’ strength of schedule compare to other NFL teams in 2026?,https://www.masslive.com/patriots/2026/05/how-does-the-patriots-strength-of-schedule-compare-to-other-nfl-teams-in-2026.html,"Tue, 12 May 2026 15:52:26 +0000",The official NFL schedule release will take place Thursday evening.
masslive,Latest Boston shooting leaves victim in critical condition,https://www.masslive.com/boston/2026/05/latest-boston-shooting-leaves-victim-in-critical-condition.html,"Tue, 12 May 2026 15:51:44 +0000","Police saw bullet damage to houses and vehicles and collected ballistic evidence, including shell casings."
alcom,JD Crowe: Jim Crow and Bull Connor are alive and dancing in Alabama,https://www.al.com/politics/2026/05/jim-crow-and-bull-connor-are-alive-and-dancing-in-alabama.html,"Tue, 12 May 2026 15:50:53 +0000",Jim Crow and Bull Connor have sprung back to life in the Alabama Legislature - with a wink and a nod from the U.S. Supreme Court - and are now dancing on the grave of the Voting Rights Act.
newyorkupstate,‘SpongeBob’ star Tom Kenny returning to Syracuse for charity concert,https://www.newyorkupstate.com/entertainment/2026/05/spongebob-star-tom-kenny-returning-to-syracuse-for-charity-concert.html,"Tue, 12 May 2026 15:48:10 +0000",All proceeds will benefit the new Carrier Park Field Of Dreams.
syracuse,‘SpongeBob’ star Tom Kenny returning to Syracuse for charity concert,https://www.syracuse.com/entertainment/2026/05/spongebob-star-tom-kenny-returning-to-syracuse-for-charity-concert.html,"Tue, 12 May 2026 15:48:10 +0000",All proceeds will benefit the new Carrier Park Field Of Dreams.
alcom,"Legendary musician, 81, cuts concert short after fan throws derbis at him",https://www.al.com/life/2026/05/legendary-musician-81-cuts-concert-short-after-fan-throws-derbis-at-him.html,"Tue, 12 May 2026 15:44:44 +0000",The concert took place last week.
oregonlive,"Portland voters are less worried about these issues than they were 2 years ago, poll finds",https://www.oregonlive.com/portland/2026/05/portland-voters-are-less-worried-about-these-issues-than-they-were-2-years-ago-poll-finds.html,"Tue, 12 May 2026 15:39:39 +0000",A poll commissioned by The Oregonian/OregonLive reveals concerns over crime and drug use have become less paramount.
alcom,"'Mass Mobilization' in Selma, Montgomery this weekend after Supreme Court decision",https://www.al.com/news/birmingham/2026/05/mass-mobilization-expected-in-selma-montgomery-this-weekend-after-supreme-court-decision.html,"Tue, 12 May 2026 15:38:37 +0000",The National Day of Action for Voting Rights will include rallies in Selma and Montgomery against plans that include threatening seats held by Black representatives.
oregonlive,Man charged after Providence Park security guard brutally attacked,https://www.oregonlive.com/crime/2026/05/man-charged-after-providence-park-security-guard-brutally-attacked.html,"Tue, 12 May 2026 15:37:58 +0000","Randy Jasper allegedly assaulted a Providence Park security guard, breaking his arm, and now faces multiple charges."
silive,CNN segment erupts over Trump cabinet member’s road trip series,https://www.silive.com/politics/2026/05/cnn-segment-erupts-over-trump-cabinet-members-road-trip-series.html,"Tue, 12 May 2026 15:37:06 +0000","Scott Jennings defended Duffy’s series during “CNN Newsnight with Abby Phillip"" on Monday."
alcom,Does the Republican push for special 2026 primary elections violate the Alabama Constitution?,https://www.al.com/election/2026/05/does-the-republican-push-for-special-2026-primary-elections-violate-the-alabama-constitution.html,"Tue, 12 May 2026 15:35:59 +0000",Alabama voters in 2022 approved a constitutional amendment about elections.
silive,New fertility policy rollout overshadowed by Trump’s ‘father of fertility’ remark,https://www.silive.com/politics/2026/05/new-fertility-policy-rollout-overshadowed-by-trumps-father-of-fertility-remark.html,"Tue, 12 May 2026 15:33:14 +0000",Trump announced during an Oval Office event that the Labor Department was issuing a new regulation to formally create a fertility benefit option for employers.
silive,"Most Americans blame Trump policies for rising costs, poll finds",https://www.silive.com/politics/2026/05/most-americans-blame-trump-policies-for-rising-costs-poll-finds.html,"Tue, 12 May 2026 15:30:29 +0000","The latest CNN poll, conducted by SSRS and released Tuesday, showed that 70% of Americans disapproved of Trump’s handling of the economy."
alcom,‘Ice cream dream is just getting started’: Frozen treat stand coming to Homewood,https://www.al.com/news/2026/05/ice-cream-dream-is-just-getting-started-frozen-treat-stand-coming-to-homewood.html,"Tue, 12 May 2026 15:25:35 +0000",The chef's other area ice cream restaurant closed this month.
silive,Say goodbye: Major airline axes popular in-flight perk,https://www.silive.com/transportation/2026/05/say-goodbye-major-airline-axes-popular-in-flight-perk.html,"Tue, 12 May 2026 15:20:28 +0000",A major airline is axing a popular perk later this month. Here's what travelers need to know before they board.
silive,Millions of taxpayers may be owed a COVID refund from IRS: How to check your eligibility,https://www.silive.com/news/2026/05/millions-of-taxpayers-may-be-owed-a-covid-refund-from-irs-how-to-check-your-eligibility.html,"Tue, 12 May 2026 15:17:13 +0000",Here's what to know about filing for the pandemic-related refund.
pennlive,‘Neighborhood Wars’ returns: Long-running feuds explode in tonight’s episode,https://www.pennlive.com/tv/2026/05/neighborhood-wars-returns-long-running-feuds-explode-in-tonights-episode.html,"Tue, 12 May 2026 15:14:08 +0000","“Neighborhood Wars” returns with real-life neighbor conflicts and caught-on-camera drama, streaming on Philo and DIRECTV."
lehighvalley,‘Neighborhood Wars’ returns: Long-running feuds explode in tonight’s episode,https://www.lehighvalleylive.com/tv/2026/05/neighborhood-wars-returns-long-running-feuds-explode-in-tonights-episode.html,"Tue, 12 May 2026 15:14:08 +0000","“Neighborhood Wars” returns with real-life neighbor conflicts and caught-on-camera drama, streaming on Philo and DIRECTV."
syracuse,Central NY college graduations: When are they and who is speaking?,https://www.syracuse.com/news/2026/05/central-ny-college-graduations-when-are-they-and-who-is-speaking.html,"Tue, 12 May 2026 15:14:07 +0000",Thousands of students are graduating from colleges around Central New York this month.
alcom,Civil rights leaders on Supreme Court decision: ‘Afraid that my vote won’t count anymore’,https://www.al.com/news/2026/05/civil-rights-leaders-on-supreme-court-decision-afraid-that-my-vote-wont-count-anymore.html,"Tue, 12 May 2026 15:13:46 +0000",Alabama Democrats and Black advocates have referenced work over the last 70 years on voting rights.
pennlive,eBay rejects $56 billion takeover offer from video game seller: ‘neither credible or attractive’,https://www.pennlive.com/business/2026/05/ebay-rejects-56-billion-takeover-offer-from-video-game-seller-neither-credible-or-attractive.html,"Tue, 12 May 2026 15:12:55 +0000",Online seller eBay called the proposal “neither credible or attractive.”
syracuse,Who is the top pitcher in New York high school baseball? Your votes,https://www.syracuse.com/highschoolsports/2026/05/who-is-the-top-pitcher-in-new-york-high-school-baseball-your-votes.html,"Tue, 12 May 2026 15:11:20 +0000",We’re turning to readers to decide which pitcher is the best of the best in NY high school baseball in 2026.
syracuse,Biggest prom weekend of 2026 Central NY season: We’ll cover a whopping 20,https://www.syracuse.com/proms/2026/05/biggest-prom-weekend-of-2026-central-ny-season-well-cover-a-whopping.html,"Tue, 12 May 2026 15:11:00 +0000",See photos taken by a syracuse.com photographer who was at the event.
silive,Homeowners must buy NYC trash bin by June 1: Here’s what each size costs,https://www.silive.com/news/2026/05/homeowners-must-buy-nyc-trash-bin-by-june-1-heres-what-each-size-costs.html,"Tue, 12 May 2026 15:08:37 +0000","Residents must purchase the bins themselves, which vary by size and price."
pennlive,Shipping industry fears fuel shortages as Iran war squeezes fuel supply,https://www.pennlive.com/nation-world/2026/05/shipping-industry-fears-fuel-shortages-as-iran-war-squeezes-fuel-supply.html,"Tue, 12 May 2026 15:07:37 +0000",Experts say consumers and companies should brace for price spikes to shipping costs and impacts to bottom lines.
silive,N.Y. Gov. Hochul pushes back amid Dem clash over Trump private school tax-credit program,https://www.silive.com/politics/2026/05/ny-gov-hochul-pushes-back-amid-dem-clash-over-trump-private-school-tax-credit-program.html,"Tue, 12 May 2026 15:06:53 +0000","The governor says the federal scholarship program won't divert public school funding, but teachers unions and state lawmakers are mobilizing against New York's participation."
newyorkupstate,Syracuse-born artist hand-painted Anne Hathaway’s dress for Met Gala,https://www.newyorkupstate.com/entertainment/2026/05/syracuse-born-artist-peter-mcgough-hand-painted-anne-hathaways-met-gala-dress.html,"Tue, 12 May 2026 15:05:47 +0000","Peter McGough, who grew up in Syracuse and attended Bishop Ludden, hand-painted Anne Hathaway's Met Gala gown in just one week for designer Michael Kors."
syracuse,Syracuse-born artist hand-painted Anne Hathaway’s dress for Met Gala,https://www.syracuse.com/entertainment/2026/05/syracuse-born-artist-peter-mcgough-hand-painted-anne-hathaways-met-gala-dress.html,"Tue, 12 May 2026 15:05:47 +0000","Peter McGough, who grew up in Syracuse and attended Bishop Ludden, hand-painted Anne Hathaway's Met Gala gown in just one week for designer Michael Kors."
pennlive,Vote: Who is the best infielder in Pa. high school baseball in 2026?,https://www.pennlive.com/highschoolsports/2026/05/vote-who-is-the-best-infielder-in-pa-high-school-baseball-in-2026.html,"Tue, 12 May 2026 15:01:33 +0000",Which infielder has been the best of the best in Pennsylvania high school baseball this spring?
lehighvalley,Vote: Who is the best infielder in Pa. high school baseball in 2026?,https://www.lehighvalleylive.com/highschoolsports/2026/05/vote-who-is-the-best-infielder-in-pa-high-school-baseball-in-2026.html,"Tue, 12 May 2026 15:01:33 +0000",Which infielder has been the best of the best in Pennsylvania high school baseball this spring?
lehighvalley,"9 Lehigh Valley residents arrested in connection with major drug trafficking ring, AG says",https://www.lehighvalleylive.com/allentown/2026/05/9-lehigh-valley-residents-arrested-in-connection-with-major-drug-trafficking-ring-ag-says.html,"Tue, 12 May 2026 15:00:08 +0000","The ring brought cocaine, methamphetamine and fentanyl into the Lehigh Valley, the attorney general said"
lehighvalley,Poll: Easton’s Lapham voted best boys lacrosse goalie in Lehigh Valley,https://www.lehighvalleylive.com/highschoolsports/2026/05/poll-eastons-lapham-voted-best-boys-lacrosse-goalie-in-lehigh-valley.html,"Tue, 12 May 2026 15:00:00 +0000",See the full results of the first boys lacrosse poll of the 2026 season.
syracuse,"These limited edition Brooks Adrenaline GTS 25 sneakers are all the rage right now, but sizes are selling fast",https://www.syracuse.com/shopping/2026/05/these-limited-edition-brooks-adrenaline-gts-25-sneakers-are-all-the-rage-right-now-but-sizes-are-selling-fast.html,"Tue, 12 May 2026 15:00:00 +0000","It provides a beautifully balanced blend of comfort and responsiveness, no gimmicks, just miles of smooth running."
syracuse,Miss Manners: Is it rude to read over someone’s shoulder?,https://www.syracuse.com/advice/2026/05/miss-manners-is-it-rude-to-read-over-someones-shoulder.html,"Tue, 12 May 2026 15:00:00 +0000",And how do I react to it?
silive,"As AI moves into NYC classrooms, some S.I. students question its impact on learning",https://www.silive.com/youthvoices/2026/05/as-ai-moves-into-nyc-classrooms-some-staten-island-students-question-its-impact-on-learning.html,"Tue, 12 May 2026 15:00:00 +0000","“If school and higher education become just a checklist of assignments, with no true learning and adaptation, then how do we stay useful ...?”"
alcom,"Texas football coach in favor of four-team CFP, rather than expansion",https://www.al.com/sec/2026/05/sark-lets-loose-on-current-state-of-college-football-it-just-wears-you-out.html,"Tue, 12 May 2026 14:55:45 +0000",Texas coach Steve Sarkisian voices exhaustion over College Football Playoff expansion.
alcom,Alabama passes the John Roberts Literacy Test,https://www.al.com/news/2026/05/whitmire-alabama-passes-the-john-roberts-literacy-test.html,"Tue, 12 May 2026 14:54:51 +0000","In Milligan v Allen, justices read 107 pages and wrote five more in half an hour? Sure."
masslive,"Mass. native, former Bruins forward signs six-year extension with Blue Jackets",https://www.masslive.com/bruins/2026/05/mass-native-former-bruins-forward-signs-six-year-extension-with-blue-jackets.html,"Tue, 12 May 2026 14:49:43 +0000",The popular former Bruins forward will be in Columbus for the long run.
pennlive,Fertilizer spill shuts down part of Route 441 in Lancaster County,https://www.pennlive.com/news/2026/05/fertilizer-spill-shuts-down-part-of-route-441-in-lancaster-county.html,"Tue, 12 May 2026 14:49:19 +0000",The spill happened around 7:30 a.m. on Route 743 & Route 441 in East Donegal Township.
masslive,Suspect in brazen daytime shooting in Cambridge previously pled guilty to shooting at Boston police,https://www.masslive.com/boston/2026/05/what-we-know-about-cambridge-shooting-suspects-criminal-history.html,"Tue, 12 May 2026 14:48:27 +0000","At the time of Tuesday's shooting, the 46-year-old man was on probation for a 2020 incident where he opened fire on Boston police officers."
pennlive,Singer has cellphone thrown at him during show: ‘So much anger’,https://www.pennlive.com/life/2026/05/singer-has-cellphone-thrown-at-him-during-show-so-much-anger.html,"Tue, 12 May 2026 14:46:55 +0000",Fans claim that Sykes didn't interact with the audience as much as he usually does following the incident.
masslive,Award-winning Western Mass. ice cream brand files for Chapter 11 bankruptcy,https://www.masslive.com/business/2026/05/award-winning-western-mass-ice-cream-brand-files-for-chapter-11-bankruptcy.html,"Tue, 12 May 2026 14:43:22 +0000","A Western Mass. favorite is fighting to stay afloat. After ""nearly impossible"" production hurdles, the brand is now seeking a path forward."
silive,"Stars, stripes and service: 6K flags to mark vet graves on Staten Island",https://www.silive.com/news/2026/05/stars-stripes-and-service-6k-flags-to-mark-vet-graves-on-staten-island.html,"Tue, 12 May 2026 14:38:50 +0000","The flags, donated by BP Vito Fossella, will be placed on graves throughout the borough ahead of Memorial Day."
masslive,Beloved North Shore retailer laying off 50 employees from Peabody headquarters,https://www.masslive.com/news/2026/05/beloved-north-shore-retailer-laying-off-50-employees-from-peabody-headquarters.html,"Tue, 12 May 2026 14:37:55 +0000",A beloved North Shore company that's been serving the Christian community for decades is cutting dozens of jobs.
syracuse,Grammy-winning pop singer added to NYS Fair 2026 free concert lineup,https://www.syracuse.com/statefair/2026/05/grammy-winning-pop-singer-added-to-nys-fair-2026-free-concert-lineup.html,"Tue, 12 May 2026 14:37:00 +0000",All concerts are free with admission to the fair.
newyorkupstate,Grammy-winning pop singer added to NYS Fair 2026 free concert lineup,https://www.newyorkupstate.com/nys-fair/2026/05/grammy-winning-pop-singer-added-to-nys-fair-2026-free-concert-lineup.html,"Tue, 12 May 2026 14:37:00 +0000",All concerts are free with admission to the fair.
newyorkupstate,"Six teens hurt in Upstate NY rollover crash; 13-year-old boy was driving, police say",https://www.newyorkupstate.com/news/2026/05/six-teens-hurt-in-upstate-ny-rollover-crash-13-year-old-boy-was-driving-police-say.html,"Tue, 12 May 2026 14:36:45 +0000","A 14-year-old girl was ejected and seriously hurt, police said."
syracuse,"Six teens hurt in Upstate NY rollover crash; 13-year-old boy was driving, police say",https://www.syracuse.com/state/2026/05/six-teens-hurt-in-upstate-ny-rollover-crash-13-year-old-boy-was-driving-police-say.html,"Tue, 12 May 2026 14:36:45 +0000","A 14-year-old girl was ejected and seriously hurt, police said."
masslive,Endangered Central Mass. school gets to stay open — for now,https://www.masslive.com/centralmass/2026/05/endangered-central-mass-school-gets-to-stay-open-for-now.html,"Tue, 12 May 2026 14:35:06 +0000","A town's elementary school can remain open after a school committee vote, but another vote to close the school may happen soon."
syracuse,"Miss Manners: I couldn’t believe dinner guests ordered ‘for the table,’ then stole all the leftovers",https://www.syracuse.com/advice/2026/05/miss-manners-i-couldnt-believe-dinner-guests-ordered-for-the-table-then-stole-all-the-leftovers.html,"Tue, 12 May 2026 14:30:00 +0000",'I was surprised by this behavior and felt taken advantage of.'
pennlive,PennDOT posts plans for Muddy Creek bridge project in Lancaster County,https://www.pennlive.com/news/2026/05/penndot-posts-plans-for-muddy-creek-bridge-project-in-lancaster-county.html,"Tue, 12 May 2026 14:29:08 +0000","Public plans are available online through June 4, 2026, for the Red Run Road bridge replacement in Earl, East Earl and Brecknock townships, with work scheduled for 2028."
alcom,"Bo Nix, Denver Broncos to kick off 2026 season in prime time",https://www.al.com/sports/2026/05/bo-nix-denver-broncos-to-kick-off-2026-season-in-prime-time.html,"Tue, 12 May 2026 14:23:40 +0000",The NFL will release its full schedule on Thursday night.
silive,Officials used sweets to lure bear from tree in New Jersey city,https://www.silive.com/crime-safety/2026/05/officials-used-sweets-to-lure-bear-from-tree-in-new-jersey-city.html,"Tue, 12 May 2026 14:22:36 +0000","A bear found in a tree in Elizabeth, NJ was safely trapped and relocated by wildlife officials with no risk to residents."
alcom,"Steve Sarkisian takes shot at Ole Miss, day after Lane Kiffin’s viral comments",https://www.al.com/sec/2026/05/steve-sarkisian-takes-shot-at-ole-miss-day-after-lane-kiffins-viral-comments.html,"Tue, 12 May 2026 14:20:02 +0000",It's the second straight day where Ole Miss appears to be a target of comments by SEC coaches.
lehighvalley,"See all residential properties sold in Monroe County, April 27 to May 3",https://www.lehighvalleylive.com/realestate-news/2026/05/see-all-residential-properties-sold-in-monroe-county-april-27-to-may-3.html,"Tue, 12 May 2026 14:16:43 +0000","The following is a listing of all residential property transfers in Monroe County reported during the week of April 27. There were 42 transactions posted during this time. During this period, the median sale for the area was a 1,326-square-foot property on Kansa Road in East Stroudsburg that sold for $325,000."
syracuse,Experts update Spurs vs. Timberwolves Game 5 prediction after Victor Wembanyama update,https://www.syracuse.com/betting/2026/05/experts-update-spurs-vs-timberwolves-game-5-prediction-after-victor-wembanyama-update.html,"Tue, 12 May 2026 14:15:00 +0000","Spurs vs. Timberwolves Game 5 odds, prediction and best bets: Wembanyama cleared to play as San Antonio hosts Minnesota in pivotal showdown. Explore latest BetMGM player props for this playoff matchup."
syracuse,"Ella Trinkaus headlines Section III Class AAA, AA, A girls hoops all-state selections",https://www.syracuse.com/highschoolsports/2026/05/30-section-iii-girls-earn-class-aaa-aa-a-all-state-basketball-honors-ella-trinkaus-named-player-of-the-year.html,"Tue, 12 May 2026 14:13:43 +0000","Trinkaus averaged 28.3 points, 14.5 rebounds, 5.8 assists, 3.8 blocks and 3.7 steals per game. She finished her high school career with 2,532 points."
pennlive,Plan ahead: Rolling lane closures are coming to I-83 in York County this week,https://www.pennlive.com/news/2026/05/plan-ahead-rolling-lane-closures-are-coming-to-i-83-in-york-county-this-week.html,"Tue, 12 May 2026 14:12:36 +0000","Contractors will be working on both northbound and southbound lanes between 9 a.m. and 1 p.m., affecting traffic between Exit 28 and Exit 32."
alcom,Auburn basketball tickets for Wisconsin game set to go on sale this week,https://www.al.com/auburnbasketball/2026/05/how-fans-can-get-tickets-to-auburn-basketballs-neutral-site-game-vs-wisconsin.html,"Tue, 12 May 2026 14:09:59 +0000",Auburn basketball will play Wisconsin this winter inside Bridgestone Arena and tickets are about to release this week.
silive,FDNY responds to brush fire along South Shore waterfront Tuesday,https://www.silive.com/crime-safety/2026/05/fdny-exstinguises-brush-fire-along-south-shore-waterfront-tuesday.html,"Tue, 12 May 2026 14:05:26 +0000",The blaze started between Androvette Street and the shoreline around 9 a.m. Tuesday.
silive,Best Buy’s Maytag garage refrigerator can handle the summer heat — and it’s on sale for $100 off,https://www.silive.com/shopping-deals/2026/05/best-buys-maytag-garage-refrigerator-can-handle-the-summer-heat-and-its-on-sale-for-100-off.html,"Tue, 12 May 2026 14:05:00 +0000",Looking to keep some cold beverages in the garage? This Maytag refrigerator comes with a garage mode that can handle temperatures up to 110 degrees. Grab a cool deal on it at Best Buy
syracuse,How to access Hayley Williams presale tickets for ‘The Hayley Williams Show’ tour,https://www.syracuse.com/live-entertainment/2026/05/how-to-access-hayley-williams-presale-tickets-for-the-hayley-williams-show-tour.html,"Tue, 12 May 2026 14:04:01 +0000",Presale access for “The Hayley Williams Show” starts today for registered fans before general sales begin.
oregonlive,Why a famous Hood River evangelist embraced a White House run after the Great War,https://www.oregonlive.com/history/2026/05/why-a-famous-hood-river-evangelist-embraced-a-white-house-run-after-the-great-war.html,"Tue, 12 May 2026 14:03:00 +0000","Billy Sunday, a former professional ballplayer, showed the power of populist politics in the U.S."
silive,Sold: St. John’s finalizes sale of its Staten Island campus,https://www.silive.com/news/2026/05/sold-st-johns-finalizes-sale-of-its-staten-island-campus.html,"Tue, 12 May 2026 14:00:00 +0000","The purchase is ""a bold statement about Wagner's future,"" says the school's president."
pennlive,A federal rule threatens to destroy Pennsylvania’s beauty school pipeline | Opinion,https://www.pennlive.com/opinion/2026/05/a-federal-rule-threatens-to-destroy-pennsylvanias-beauty-school-pipeline-opinion.html,"Tue, 12 May 2026 14:00:00 +0000","The Department of Education's proposed earnings benchmark would close 90% of cosmetology programs nationwide, contradicting congressional intent and cutting off the only path to licensure in Pennsylvania."
alcom,"Little sweet, little spicy: First-of-its-kind romance bookstore opens in north Alabama",https://www.al.com/news/2026/05/little-sweet-little-spicy-first-of-its-kind-romance-bookstore-opens-in-north-alabama.html,"Tue, 12 May 2026 14:00:00 +0000",The new bookstore opened its doors to a long line that wrapped around the block
alcom,2026 Florida high school baseball state finals: FHSAA state championships schedule and where to watch,https://www.al.com/tv/2026/05/2026-florida-high-school-baseball-state-finals-fhsaa-state-championships-schedule-and-where-to-watch.html,"Tue, 12 May 2026 14:00:00 +0000","Florida's top high school baseball teams compete for state titles in Fort Myers, with games scheduled May 13-20."
oregonlive,Readers respond: Replace gas tax with weight-mile fee,https://www.oregonlive.com/opinion/2026/05/readers-respond-replace-gas-tax-with-weight-mile-fee.html,"Tue, 12 May 2026 14:00:00 +0000",Letters to the Editor can be submitted to letters@oregonian.com with full name and place of residence.
alcom,Target is offering $300 off Weber’s SmokeFire EX6 wood pellet grill,https://www.al.com/shopping/2026/05/target-is-offering-300-off-webers-smokefire-ex6-wood-pellet-grill.html,"Tue, 12 May 2026 14:00:00 +0000","Target is offering over $300 off Weber’s SmokeFire EX6 wood pellet grill, bringing the smart grilling and smoking system below $1,000 for a limited time."
silive,"Staten Island man, 86, charged in wife’s stabbing death set for court appearance",https://www.silive.com/crime-safety/2026/05/staten-island-man-86-charged-in-wifes-stabbing-death-set-for-court-appearance.html,"Tue, 12 May 2026 13:59:24 +0000",Court documents indicate the case has now been transferred over to Justice Mario F. Mattei.
lehighvalley,Here’s how to watch the dramatic season 14 premiere of ‘Homestead Rescue’ tonight,https://www.lehighvalleylive.com/tv/2026/05/heres-how-to-watch-the-dramatic-season-14-premiere-of-homestead-rescue-tonight.html,"Tue, 12 May 2026 13:59:00 +0000","The Raney family returns to help struggling off-grid families survive in the wilderness, with the season opener set in California's dangerous fire country."
pennlive,Here’s how to watch the dramatic season 14 premiere of ‘Homestead Rescue’ tonight,https://www.pennlive.com/tv/2026/05/heres-how-to-watch-the-dramatic-season-14-premiere-of-homestead-rescue-tonight.html,"Tue, 12 May 2026 13:59:00 +0000","The Raney family returns to help struggling off-grid families survive in the wilderness, with the season opener set in California's dangerous fire country."
silive,Singer Bonnie Tyler resuscitated after cardiac arrest following surgery,https://www.silive.com/entertainment/tvfilm/2026/05/singer-bonnie-tyler-resuscitated-after-cardiac-arrest-following-surgery.html,"Tue, 12 May 2026 13:58:39 +0000","The Welsh singer felt unwell during a London concert before undergoing emergency bowel surgery, with her friend Liberto Mealha sharing updates on her condition."
pennlive,Buc-ee’s expansion: 6 new states getting stores,https://www.pennlive.com/food/2026/05/buc-ees-expansion-6-new-states-getting-stores.html,"Tue, 12 May 2026 13:57:39 +0000",Two locations are opening this year followed by four more in 2027.
silive,Jersey Shore town will finally raise parking costs after resisting,https://www.silive.com/nation/2026/05/jersey-shore-town-will-finally-raise-parking-costs-after-resisting.html,"Tue, 12 May 2026 13:56:41 +0000",Cape May plans to raise parking metered parking rates.
pennlive,Cause of death revealed for Pa. man found after vanishing mysteriously 10 years ago,https://www.pennlive.com/news/2026/05/cause-of-death-revealed-for-pa-man-found-after-vanishing-mysteriously-10-years-ago.html,"Tue, 12 May 2026 13:41:26 +0000","He went missing in 2015, and ATV riders found his remains 10 years later."
pennlive,Bridge inspection will slow traffic on I-81 near Chambersburg this week,https://www.pennlive.com/news/2026/05/bridge-inspection-will-slow-traffic-on-i-81-near-chambersburg-this-week.html,"Tue, 12 May 2026 13:34:27 +0000","Crews will use a specialized inspection crane to examine the Woodstock Road bridge in Greene Township, restricting right lanes in both directions for six hours Wednesday."
pennlive,US consumer prices surge 3.8 percent as Iran war drives up energy costs,https://www.pennlive.com/business/2026/05/us-consumer-prices-surge-38-percent-as-iran-war-drives-up-energy-costs.html,"Tue, 12 May 2026 13:31:53 +0000","On a month-to-month basis, April prices were up 0.6% from March as gasoline prices rose 5.4%."
oregonlive,Readers respond: Success uncertain for quickly assembled team,https://www.oregonlive.com/opinion/2026/05/readers-respond-success-uncertain-for-quickly-assembled-team.html,"Tue, 12 May 2026 13:30:00 +0000",Letters to the Editor can be submitted to letters@oregonian.com with full name and place of residence.
oregonlive,"Portland organizer’s sudden death at 49 shakes immigrant community, Oregon politicians",https://www.oregonlive.com/politics/2026/05/portland-organizers-sudden-death-at-49-shakes-immigrant-community-oregon-politicians.html,"Tue, 12 May 2026 13:30:00 +0000","Cayle Tern, a Reynolds School District board director and APANO civic engagement manager, died last week, leading to a flood of public condolences."
syracuse,Trump official’s new reality TV show sparks criticism: ‘Brutally out of touch’,https://www.syracuse.com/us-news/2026/05/trump-officials-new-reality-tv-show-sparks-criticism-brutally-out-of-touch.html,"Tue, 12 May 2026 13:26:55 +0000","He previously appeared on MTV's ""The Real World."""
pennlive,Pa. weather forcast: A soggy midweek will be followed by sunny days,https://www.pennlive.com/weather/2026/05/pa-weather-forcast-a-soggy-midweek-will-be-followed-by-sunny-days.html,"Tue, 12 May 2026 13:26:45 +0000",A substantial warm surge is possible during the second half of May.
silive,Curtis boys’ lacrosse advances to PSAL semifinals; Grimaldi and Gambardella go on goal-scoring tear (photos),https://www.silive.com/highschoolsports/2026/05/curtis-boys-lacrosse-advances-to-psal-semifinals-grimaldi-and-gambardella-go-on-goal-scoring-tear-photos.html,"Tue, 12 May 2026 13:24:34 +0000",The Warriors rattled off an astounding 14 unanswered goals to claim a dominant playoff win.
pennlive,Once-promising Eagles draft pick signs with 8th NFL team,https://www.pennlive.com/philadelphiaeagles/2026/05/once-promising-eagles-draft-pick-signs-with-8th-nfl-team.html,"Tue, 12 May 2026 13:19:05 +0000",Former Eagles safety K'von Wallace signed with the Ravens on Monday.
lehighvalley,Once-promising Eagles draft pick signs with 8th NFL team,https://www.lehighvalleylive.com/philadelphia-eagles/2026/05/once-promising-eagles-draft-pick-signs-with-8th-nfl-team.html,"Tue, 12 May 2026 13:19:05 +0000",Former Eagles safety K'von Wallace signed with the Ravens on Monday.
syracuse,How to access MUNA presale tickets for the ‘Dancing on the Wall’ tour before the public sale,https://www.syracuse.com/live-entertainment/2026/05/how-to-access-muna-presale-tickets-for-the-dancing-on-the-wall-tour-before-the-public-sale.html,"Tue, 12 May 2026 13:18:49 +0000","MUNA’s fall 2026 tour supports the band's newly released fourth studio album, “Dancing on the Wall."""
oregonlive,Trevor Glos embraces his place in Wilsonville quarterback lineage,https://www.oregonlive.com/highschoolsports/2026/05/trevor-glos-embraces-his-place-in-wilsonville-quarterback-lineage.html,"Tue, 12 May 2026 13:15:00 +0000",The Wildcats signal-caller looks forward to his senior season for a program that started Mark Wiepert (Oregon Ducks) and Kallen Gutridge (Oregon State Beavers) at the position.
pennlive,Police investigating after 5-month-old baby found dead at Lancaster County hotel,https://www.pennlive.com/news/2026/05/5-month-old-girl-dies-after-drowning-in-lancaster-county-hotel-pool.html,"Tue, 12 May 2026 13:14:41 +0000",She died Monday evening at a Best Western in Lancaster County.
syracuse,The $344 Blackstone Original Griddle is on sale for less than $300 at Walmart,https://www.syracuse.com/shopping/2026/05/the-344-blackstone-original-griddle-is-on-sale-for-less-than-300-at-walmart.html,"Tue, 12 May 2026 13:13:31 +0000","Think diner‑style breakfasts, hibachi nights, and game‑day feasts, all from one griddle."
pennlive,Bridge inspections will delay traffic on busy Route 222 this week,https://www.pennlive.com/news/2026/05/bridge-inspections-will-delay-traffic-on-busy-route-222-this-week.html,"Tue, 12 May 2026 13:13:00 +0000",The inspections of Dry Tavern Road and Orchard Road bridges will require lane restrictions on Route 222 northbound and southbound in Brecknock Township.
silive,Planning to buy your first home on Staten Island? This free event could change everything,https://www.silive.com/news/2026/05/planning-to-buy-your-first-home-on-staten-island-this-free-event-could-change-everything.html,"Tue, 12 May 2026 13:09:30 +0000","“Our goal is to help first-time buyers be well-informed and confident before making one of the biggest financial decisions of their lives."""
newyorkupstate,2 from Upstate NY quarantined after hantavirus outbreak on cruise ship,https://www.newyorkupstate.com/news/2026/05/2-from-upstate-ny-quarantined-after-hantavirus-outbreak-on-cruise-ship.html,"Tue, 12 May 2026 13:08:33 +0000","Gov. Hochul said ""there's no panic"" as the virus is different from Covid."
syracuse,2 from Upstate NY quarantined after hantavirus outbreak on cruise ship,https://www.syracuse.com/state/2026/05/2-from-upstate-ny-quarantined-after-hantavirus-outbreak-on-cruise-ship.html,"Tue, 12 May 2026 13:08:33 +0000","Gov. Hochul said ""there's no panic"" as the virus is different from Covid."
syracuse,Colgate University student about to graduate dies kayaking on Upstate NY river,https://www.syracuse.com/crime/2026/05/colgate-university-student-about-to-graduate-dies-while-kayaking-on-upstate-ny-river.html,"Tue, 12 May 2026 13:08:16 +0000",The 21-year-old student was found dead Monday. He was set to graduate on Sunday.
newyorkupstate,Colgate University student about to graduate dies kayaking on Upstate NY river,https://www.newyorkupstate.com/news/2026/05/colgate-university-student-about-to-graduate-dies-while-kayaking-on-upstate-ny-river.html,"Tue, 12 May 2026 13:08:16 +0000",The 21-year-old student was found dead Monday. He was set to graduate on Sunday.
oregonlive,"As data centers permeate politics, Washington County chair candidates weigh in",https://www.oregonlive.com/politics/2026/05/heres-what-washington-county-chair-candidates-have-to-say-on-rise-of-data-centers.html,"Tue, 12 May 2026 13:00:01 +0000","Three candidates are vying to lead Oregon's second-largest county as data center growth sparks debate over land use, water use and tax incentives in the region."
oregonlive,Prosper Portland set to pull plug on Old Town sneaker hub,https://www.oregonlive.com/business/2026/05/prosper-portland-set-to-pull-plug-on-old-town-sneaker-hub.html,"Tue, 12 May 2026 13:00:01 +0000",The economic development agency’s board on Wednesday will vote to take possession of two Made in Old Town buildings.
pennlive,When America’s vice president endorses autocracy abroad | PennLive letters,https://www.pennlive.com/opinion/2026/05/when-americas-vice-president-endorses-autocracy-abroad-pennlive-letters.html,"Tue, 12 May 2026 13:00:00 +0000","JD Vance's support for Hungary's Orban—who controls courts, silences press, and allies with Putin—reveals how far Trump's administration has strayed from defending democracy."
oregonlive,"Oregon State baseball vs. Portland Pilots: Preview, starting lineups, how to watch",https://www.oregonlive.com/beavers/2026/05/no-7-oregon-state-baseball-vs-portland-pilots-preview-starting-lineups-how-to-watch.html,"Tue, 12 May 2026 13:00:00 +0000",Previewing Tuesday's matchup between the Beavers and Pilots
oregonlive,Miss Manners: Exactly how much time must pass before someone is considered ‘late’ to an event?,https://www.oregonlive.com/advice/2026/05/miss-manners-exactly-how-much-time-must-pass-before-someone-is-considered-late-to-an-event.html,"Tue, 12 May 2026 13:00:00 +0000",Miss Manners: Depends on the event!
oregonlive,Readers respond: Article editorializes about abortion flyers,https://www.oregonlive.com/opinion/2026/05/readers-respond-article-editorializes-about-abortion-flyers.html,"Tue, 12 May 2026 13:00:00 +0000",Letters to the Editor can be submitted to letters@oregonian.com with full name and place of residence.
oregonlive,"Dear Doctor: Lower risk HPV diagnosis worries recently married, monogamous  woman",https://www.oregonlive.com/advice/2026/05/dear-doctor-lower-risk-hpv-diagnosis-worries-recently-married-monogamous-woman.html,"Tue, 12 May 2026 13:00:00 +0000","Dr. Roach: Most women clear the infection without treatment, and since she has a lower-risk type and is in her 60s, she is even less likely to develop problems."
syracuse,STD spreading to babies amid explosive growth in Onondaga County,https://www.syracuse.com/health/2026/05/std-spreading-to-a-few-babies-amid-explosive-growth-in-onondaga-county.html,"Tue, 12 May 2026 13:00:00 +0000",Medicine is in short supply amid a national spike.
newyorkupstate,Beef costs decline in March but remain high (Syracuse.com grocery price tracker),https://www.newyorkupstate.com/business/2026/05/beef-costs-decline-in-march-but-remain-high-syracusecom-grocery-price-tracker.html,"Tue, 12 May 2026 12:52:54 +0000",Beef prices have been on a relentless climb lately.
syracuse,Beef costs decline in March but remain high (Syracuse.com grocery price tracker),https://www.syracuse.com/data/2026/05/beef-costs-decline-in-march-but-remain-high-syracusecom-grocery-price-tracker.html,"Tue, 12 May 2026 12:52:54 +0000",Beef prices have been on a relentless climb lately.
pennlive,Multi-million dollar renovation project begins at central Pa. nature center,https://www.pennlive.com/business/2026/05/multi-million-dollar-renovation-project-begins-at-central-pa-nature-center.html,"Tue, 12 May 2026 12:52:24 +0000",The nature center in Lancaster County is closed during the construction and restoration process.
syracuse,Syracuse transfer Aiden Tobiason impresses at G League combine,https://www.syracuse.com/orangebasketball/2026/05/syracuse-transfer-aiden-tobiason-impresses-at-g-league-combine.html,"Tue, 12 May 2026 12:49:44 +0000","Aiden Tobiason, a transfer from Temple, checked with a eye-popping wingspan."
oregonlive,Take an early look inside Gresham’s massive new library,https://www.oregonlive.com/politics/2026/05/greshams-massive-new-library-has-a-rooftop-terrace-podcast-studio-and-200000-items-to-check-out.html,"Tue, 12 May 2026 12:45:00 +0000","Multnomah County is set to host the grand opening of the 95,000-square-foot library."
oregonlive,"Portland’s sunny, warm Tuesday switches to showers overnight",https://www.oregonlive.com/weather/2026/05/portlands-sunny-warm-tuesday-switches-to-showers-overnight.html,"Tue, 12 May 2026 12:44:29 +0000",Portland will see daytime highs Tuesday of about 84 degrees. Wednesday's high could sink as low as 66 degrees.
lehighvalley,"Lehigh Valley forecast: Pleasant on Tuesday, showers Wednesday, 80s for the weekend",https://www.lehighvalleylive.com/weather/2026/05/lehigh-valley-forecast-pleasant-spring-tuesday-then-showers-wednesday-80s-for-the-weekend.html,"Tue, 12 May 2026 12:43:26 +0000",Tuesday's mild weather gives way to a wet Wednesday before a dramatic warming trend brings temperatures into the 80s and approaching 90 degrees by Monday.
pennlive,7 Brew Coffee arriving this summer at another central Pa. location,https://www.pennlive.com/food/2026/05/7-brew-coffee-arriving-this-summer-at-another-central-pa-location.html,"Tue, 12 May 2026 12:41:45 +0000","The drive-thru serves everything from fresh espresso to fizzes, energy drinks, and milkshakes."
pennlive,Legendary ‘80s rock band cancels tour due to ‘serious medical issue’,https://www.pennlive.com/entertainment/2026/05/legendary-80s-rock-band-cancels-tour-due-to-serious-medical-issue.html,"Tue, 12 May 2026 12:41:18 +0000","“One of our band members is undergoing urgent surgery. We are rescheduling select dates where possible. Stay tuned,” a representative for the band said."
newyorkupstate,Central NY woman to appear on ‘Jeopardy!’ Tonight,https://www.newyorkupstate.com/entertainment/2026/05/central-ny-woman-to-appear-on-jeopardy-tonight.html,"Tue, 12 May 2026 12:30:09 +0000",She'll face the reigning champion on the popular game show.
syracuse,Central NY woman to appear on ‘Jeopardy!’ Tonight,https://www.syracuse.com/entertainment/2026/05/central-ny-woman-to-appear-on-jeopardy-tonight.html,"Tue, 12 May 2026 12:30:09 +0000",She'll face the reigning champion on the popular game show.
syracuse,Stop smuggling policy into the New York state budget (Your Letters),https://www.syracuse.com/opinion/2026/05/stop-smuggling-policy-into-the-new-york-state-budget-your-letters.html,"Tue, 12 May 2026 12:30:00 +0000","Assembly Speaker Carl Heastie recently had an epiphany about the purpose of budgets. Make legislators debate and vote on policy initiatives separately, letter writer says."
oregonlive,The Trump administration just quietly lifted hunting restrictions at more than 75 federal lands — and critics say the public never got a say,https://www.oregonlive.com/environment/2026/05/administration-has-significantly-eased-hunting-and-fishing-restrictions-on-dozens-of-public-lands-including-some-national-parks-and-seashores-wilderness-areas-and-wildlife-refuges.html,"Tue, 12 May 2026 12:30:00 +0000","Interior Secretary Doug Burgum's sweeping order lifted restrictions at more than 75 federal lands, including beloved national parks and seashores."
lehighvalley,Stroudsburg softball makes another statement by shutting out No. 1 Emmaus in EPC semifinals,https://www.lehighvalleylive.com/highschoolsports/2026/05/stroudsburg-softball-makes-another-statement-by-shutting-out-no-1-emmaus-in-epc-semifinals.html,"Tue, 12 May 2026 12:29:58 +0000",The Mountaineers followed up a shutout of Nazareth in the quarterfinals by blanking the Green Hornets on Monday night in the Eastern Pennsylvania Conference semifinals.
silive,Walmart announces recall of popular snack for possible illness risk,https://www.silive.com/news/2026/05/walmart-announces-recall-of-popular-snack-for-possible-illness-risk.html,"Tue, 12 May 2026 12:26:21 +0000","The product was sold at Walmart locations across several states, including New York."
lehighvalley,Allen baseball’s magical season reaches the EPC final,https://www.lehighvalleylive.com/highschoolsports/2026/05/allen-baseballs-magical-season-reaches-the-epc-final.html,"Tue, 12 May 2026 12:25:00 +0000",The Canaries defeated Allentown Central Catholic for the third time on Monday.
lehighvalley,Carbon County residential properties sales: Sold from April 27 to May 3,https://www.lehighvalleylive.com/realestate-news/2026/05/carbon-county-residential-properties-sales-sold-from-april-27-to-may-3.html,"Tue, 12 May 2026 12:06:37 +0000","The following is a listing of all residential property transfers in Carbon County reported during the week of April 27. There were 27 transactions posted during this time. During this period, the median sale for the area was a 2,016-square-foot property on Hickory Road in Palmerton that sold for $215,114."
newyorkupstate,One week until Upstate NY connects for second annual workforce growth summit,https://www.newyorkupstate.com/business/2026/05/one-week-until-upstate-ny-connects-for-second-annual-workforce-growth-summit.html,"Tue, 12 May 2026 12:05:00 +0000","The one-day conference is an opportunity for those working in the workforce development space and supporting industries to break down silos, foster collaboration, and shape the future of our region."
syracuse,One week until Upstate NY connects for second annual workforce growth summit,https://www.syracuse.com/business/2026/05/one-week-until-upstate-ny-connects-for-second-annual-workforce-growth-summit.html,"Tue, 12 May 2026 12:05:00 +0000","The one-day conference is an opportunity for those working in the workforce development space and supporting industries to break down silos, foster collaboration, and shape the future of our region."
pennlive,Philadelphia should pause charter renewals until a new evaluation system is ready | Opinion,https://www.pennlive.com/opinion/2026/05/philadelphia-should-pause-charter-renewals-until-a-new-evaluation-system-is-ready-opinion.html,"Tue, 12 May 2026 12:00:00 +0000",Philadelphia can approach school closures with care and empathy.
oregonlive,"These are the fastest growing concerns for Portland area voters, poll finds",https://www.oregonlive.com/politics/2026/05/these-are-the-fastest-growing-concerns-for-portland-area-voters-poll-finds.html,"Tue, 12 May 2026 12:00:00 +0000",A poll commissioned by The Oregonian/OregonLive found that money matters are top of mind.
newyorkupstate,Hiker rescued in Catskills after suffering allergic reaction to trail mix,https://www.newyorkupstate.com/outdoors/2026/05/hiker-rescued-in-catskills-after-suffering-allergic-reaction-to-trail-mix.html,"Tue, 12 May 2026 12:00:00 +0000","NYS DEC forest ranger report for weeks of April 19 - May 3, 2026"
pennlive,Legendary singer suffered cardiac arrest while in medically induced coma,https://www.pennlive.com/entertainment/2026/05/legendary-singer-suffered-cardiac-arrest-while-in-medically-induced-coma.html,"Tue, 12 May 2026 11:55:59 +0000",She was hospitalized last week to have emergency intestinal surgery.
pennlive,Pro hockey game postponed for ‘player safety concerns related to illness’,https://www.pennlive.com/sports/2026/05/pro-hockey-game-postponed-for-player-safety-concerns-related-to-illness.html,"Tue, 12 May 2026 11:48:43 +0000",The PWHL game between the Minnesota Frost and Montréal Victoire was postponed. Players do not have hantavirus symptoms.
oregonlive,Experts release Ducks vs. Golden Knights Game 5 prediction after Mark Stone injury update,https://www.oregonlive.com/betting/2026/05/experts-release-ducks-vs-golden-knights-game-5-prediction-after-mark-stone-injury-update.html,"Tue, 12 May 2026 11:00:00 +0000","Read this preview for Tuesday's NHL Playoff Game 5 between Vegas and Anaheim. Explore the different Polymarket markets available for the game, which can be traded on across the country."
lehighvalley,"Asking Eric: Comfortable in retirement, I feel guilty my kids are pinching pennies",https://www.lehighvalleylive.com/advice/2026/05/asking-eric-comfortable-in-retirement-i-feel-guilty-my-kids-are-pinching-pennies.html,"Tue, 12 May 2026 10:53:00 +0000","I just feel they think instead of us traveling extensively, why don’t we help them financially?"
lehighvalley,"Christman’s speedy shutout leads Whitehall baseball past Parkland, into EPC final",https://www.lehighvalleylive.com/highschoolsports/2026/05/christmans-speedy-shutout-leads-whitehall-baseball-past-parkland-into-epc-final.html,"Tue, 12 May 2026 10:35:00 +0000",The Zephyrs will meet Allen 4:05 p.m. Tuesday in the conference final.
lehighvalley,Voting rights group convenes panel on rapid growth of data centers in Lehigh Valley,https://www.lehighvalleylive.com/lehigh-county/2026/05/voting-rights-group-convenes-panel-on-rapid-growth-of-data-center-in-lehigh-valley.html,"Tue, 12 May 2026 10:30:00 +0000","A panel in Allentown will discuss data center development, covering legislation, planning, property rights, and environmental impacts."
lehighvalley,Dear Abby: I’m not sure I want to meet pal’s flavor-of-the-month bride,https://www.lehighvalleylive.com/advice/2026/05/dear-abby-im-not-sure-i-want-to-meet-pals-flavor-of-the-month-bride.html,"Tue, 12 May 2026 10:06:00 +0000","In the five years I’ve known him, he has dated and cheated on multiple women, some of whom I befriended before recognizing the pattern."
newyorkupstate,Village of Camillus moves forward with $2M biking and walking trail,https://www.newyorkupstate.com/outdoors/2026/05/village-of-camillus-moves-forward-with-new-2m-biking-and-walking-trail.html,"Tue, 12 May 2026 10:02:00 +0000","The 5-mile biking and walking trail will connect Empire State Trail to village, and beyond."
lehighvalley,Rare WWII aircraft to take flight over eastern Pa. as beloved airshow celebrates anniversary,https://www.lehighvalleylive.com/entertainment/2026/05/rare-wwii-aircraft-to-take-flight-over-eastern-pa-as-beloved-airshow-celebrates-anniversary.html,"Tue, 12 May 2026 10:00:01 +0000","Among the aircraft, the B-17 “Sentimental Journey” is one of only two B-17s still flying in the United States."
lehighvalley,"Horoscope for today, May 12, 2026: Change is possible even after a big mistake",https://www.lehighvalleylive.com/advice/2026/05/horoscope-for-today-may-12-2026-change-is-possible-even-after-a-big-mistake.html,"Tue, 12 May 2026 09:55:00 +0000",All is not lost.
lehighvalley,Miss Manners: Couple ordered ‘for the table’ then kept all the leftovers,https://www.lehighvalleylive.com/advice/2026/05/miss-manners-couple-ordered-for-the-table-then-kept-all-the-leftovers.html,"Tue, 12 May 2026 09:45:00 +0000","I was surprised by this behavior and felt taken advantage of, and I don’t plan to invite them again. Should I have handled this differently?"
newyorkupstate,Upstate NY man pleads guilty to stealing over $2 million in multiple fraud schemes,https://www.newyorkupstate.com/news/2026/05/upstate-ny-man-pleads-guilty-to-stealing-over-2-million-in-multiple-fraud-schemes.html,"Tue, 12 May 2026 09:45:00 +0000","The man obtained the money through false pandemic loan applications, credit card fraud, and schemes targeting vulnerable victims."
lehighvalley,Dear Annie: My father sold the family home to my estranged sister. I got nothing,https://www.lehighvalleylive.com/advice/2026/05/dear-annie-my-father-sold-the-family-home-to-my-estranged-sister-i-got-nothing.html,"Tue, 12 May 2026 09:33:00 +0000",I only found out about the sale when I saw the house listed online.
lehighvalley,"PennDOT will widen Interstate 78 to 6 lanes along Lehigh County stretch, plans show",https://www.lehighvalleylive.com/traffic/2026/05/penndot-will-widen-interstate-78-to-6-lanes-along-lehigh-county-stretch-plans-show.html,"Tue, 12 May 2026 09:30:00 +0000","Construction is still years off and also includes a realignment of the highway's interchange with Route 100, a huge warehouse corridor."
lehighvalley,"EPC baseball semifinals photos: Allentown Central Catholic vs. Allen, May 11, 2026",https://www.lehighvalleylive.com/highschoolsports/2026/05/epc-baseball-semifinals-photos-allentown-central-catholic-vs-allen-may-11-2026.html,"Tue, 12 May 2026 09:16:26 +0000",Allen met Allentown Central Catholic in the EPC semifinals on Monday at DeSales University.
newyorkupstate,"A New York man said an intruder shot him in the knee, but police found the truth (and guns, drugs)",https://www.newyorkupstate.com/news/2026/05/a-new-york-man-said-an-intruder-shot-him-in-the-knee-but-police-found-the-truth-and-guns-drugs.html,"Tue, 12 May 2026 09:15:00 +0000","The 47-year-old resident now faces multiple felony charges, including possession of stolen weapons and controlled substances."
lehighvalley,This Pa. golf instructor had a ‘rollercoaster’ journey to competing at the PGA Championship,https://www.lehighvalleylive.com/sports/2026/05/this-pa-golf-instructor-had-a-rollercoaster-journey-to-competing-at-the-pga-championship.html,"Tue, 12 May 2026 09:00:00 +0000",Delaware County native and local golf instructor Braden Shattuck will compete against the world's best at the PGA Championship at Aronimink.
gulflive,Powerball: See the winning numbers in Monday’s $57 million drawing,https://www.gulflive.com/lottery/2026/05/powerball-see-the-winning-numbers-in-mondays-57-million-drawing.html,"Tue, 12 May 2026 03:02:51 +0000",Check your numbers to see if you hit it big in Monday's jackpot.
gulflive,Powerball: See the winning numbers in Wednesday’s $30 million drawing,https://www.gulflive.com/lottery/2026/05/powerball-see-the-winning-numbers-in-wednesdays-30-million-drawing.html,"Thu, 07 May 2026 03:04:04 +0000",Check your numbers to see if you hit it big in Wednesday's jackpot.
gulflive,Powerball: See the winning numbers in Saturday’s $47 million drawing,https://www.gulflive.com/lottery/2026/05/powerball-see-the-winning-numbers-in-saturdays-47-million-drawing.html,"Sun, 10 May 2026 03:04:45 +0000",Check your numbers to see if you hit it big in Saturday's jackpot.
gulflive,Mega Millions numbers: Are you the lucky winner of Friday’s $215 million jackpot?,https://www.gulflive.com/lottery/2026/05/mega-millions-numbers-are-you-the-lucky-winner-of-fridays-215-million-jackpot.html,"Sat, 09 May 2026 03:06:57 +0000",Check your numbers to see if you hit it big in Friday's jackpot.
gulflive,How Bad Bunny went from reggaeton star to the voice of Puerto Rican resistance,https://www.gulflive.com/palabra/2026/05/how-bad-bunny-went-from-reggaeton-star-to-the-voice-of-puerto-rican-resistance.html,"Fri, 08 May 2026 12:00:00 +0000",Two professors who consulted for his Coachella performance explain why Bad Bunny's music terrifies Puerto Rico's political establishment and attracts young voters to independence.
